timestamp,aqius,main_pollutant,temperature,humidity,wind_speed,aqi,pm2_5,pm10,no2,so2,co,no,o3,nh3
2025-07-04T16:29:03.790679,159,p2,35,49,2.39,53.88,76.52,19.32,3.19,775.09,0,78.05,39.08
2025-07-04T16:31:47.019312,159,p2,35,49,2.39,53.62,75.62,18.81,2.88,795.15,0,66.64,35.78
2025-07-04T16:40:15.156636,159,p2,35,49,2.39,53.62,75.62,18.81,2.88,795.15,0,66.64,35.78
2025-07-04T16:51:12.690482,159,p2,35,49,2.39,53.62,75.62,18.81,2.88,795.15,0,66.64,35.78
2025-07-04T17:18:25.444564,160,p2,35,51,3.14,53.62,75.62,18.81,2.88,795.15,0,66.64,35.78
2025-07-04T18:28:39.721203,165,p2,34,52,3.39,52.69,73.61,18.17,2.67,798.63,0,61.18,33.23
2025-07-04T19:17:30.046877,171,p2,34,52,3.51,48.6,67.96,13.01,3.04,693.3,0,76.43,26.4
2025-07-04T20:22:24.451321,172,p2,33,57,3.5,48.97,67.08,10.82,3.63,662.49,0,82.01,24.37
2025-07-04T21:20:03.882628,170,p2,33,58,3.38,51.27,69.07,9.48,4.09,658.16,0,83.6,23.92
2025-07-04T22:20:13.406734,167,p2,33,58,3.57,53.4,72.42,8.37,4.35,653.48,0,83.58,23.05
2025-07-04T23:19:47.250123,167,p2,32,58,3.49,54.45,76.02,7.84,4.18,650,0,80.04,21.99
2025-07-05T01:41:03.979049,168,p2,32,62,3.55,50.43,85.65,7.88,2.84,604.96,0.13,63.79,19.98
2025-07-05T03:14:52.072373,163,p2,34,66,3.91,47.04,90.62,7.92,2.69,571.49,0.38,62,19.41
2025-07-05T04:27:39.979010,157,p2,32,63,3.38,42.8,97.98,6.47,2.65,496.67,0.35,66.77,16.67
2025-07-05T05:20:28.041927,157,p2,33,69,3.15,41.61,101.23,5.24,2.41,455.59,0.4,73.18,15.5
2025-07-05T06:28:49.975650,156,p2,34,57,2.81,43.28,105.21,4.08,2.21,429.62,0.35,84.02,15.03
2025-07-05T07:19:31.578977,156,p2,34,62,1,37.24,103.76,2.5,1.79,336.66,0.13,91.51,10.94
2025-07-05T08:26:03.397317,151,p2,36,61,0.92,32.61,93.32,1.74,1.36,289.73,0.1,93.07,8.7
2025-07-05T09:20:34.330945,149,p2,39,59,1.86,31.68,88.51,1.56,1.17,277.3,0.09,93.82,8.37
2025-07-05T10:20:39.183073,137,p2,39,58,2.21,32.26,87.05,1.95,1.12,283.58,0.12,93.35,9.56
2025-07-05T11:17:00.843251,132,p2,38,49,2.23,33.44,87.42,2.61,1.14,296.79,0.21,91.95,11.55
2025-07-05T12:38:56.071743,129,p2,37,49,2.88,36.72,89.69,6.6,1.41,364.3,0.31,82.09,18.39
2025-07-05T13:28:52.692407,127,p2,35,59,3.49,29.95,75.31,8.34,1.6,384.5,0.19,67.38,20.53
2025-07-05T14:20:12.245504,127,p2,35,66,3.15,31.24,74.42,11.86,1.82,447.76,0.03,56.05,24.03
2025-07-05T15:20:07.163434,134,p2,37,59,3.09,32.34,73.24,14.23,2.01,501.64,0,47.33,27.04
2025-07-05T16:24:10.204709,152,p2,36,61,3.55,33.13,71.69,15.94,2.09,539.84,0,40.79,29
2025-07-05T17:17:42.157630,157,p2,35,56,4.57,34.09,71.06,17.02,2.15,570.48,0,36.56,29.49
2025-07-05T18:26:56.897396,174,p2,35,52,4,34.29,70.28,17.45,2.18,582.07,0,35.05,29.13
2025-07-05T19:16:39.870354,171,p2,34,59,4.94,29.86,68.13,11.68,2.67,458.83,0,48.38,21.64
2025-07-05T20:21:26.293114,154,p2,32,67,5.05,27.51,65.39,10.41,3.16,408.82,0,49.14,19.36
2025-07-05T21:19:22.135926,131,p2,31,70,5.18,25.23,62.63,9.4,3.68,360.82,0,48.58,17.57
2025-07-05T22:19:10.211166,102,p2,31,69,3.01,22.78,61.15,7.81,4.01,302.05,0,48.94,15.19
2025-07-05T23:19:39.691191,102,p2,31,67,3.32,21.5,62.96,6.64,3.69,265.71,0,49,14.41
2025-07-06T01:52:43.931881,75,p2,30,77,4.21,19.16,58.93,5.7,2.19,234.39,0.03,45.13,12.15
2025-07-06T03:27:59.083400,58,p2,28,94,4.09,18.88,53.26,6.66,2.28,250.01,0.06,42.5,10.43
2025-07-06T04:34:09.877866,62,p2,28,94,4.18,17.46,35.97,7.89,2.57,274.69,0.25,39.19,7.31
2025-07-06T05:20:55.862324,69,p2,29,93,3.34,17.46,35.97,7.89,2.57,274.69,0.25,39.19,7.31
2025-07-06T06:29:57.290497,60,p2,30,75,2.9,16.49,30.86,7.67,2.65,273.24,0.62,39.3,6.73
2025-07-06T07:19:17.823113,55,p2,28,74,1.62,18.78,33.05,5.14,2.78,258.99,1.33,55.97,6.94
2025-07-06T08:25:41.042793,68,p2,30,86,1.38,25.27,41.12,4.14,3.13,245.75,0.72,75.38,7.57
2025-07-06T09:20:20.743266,79,p2,32,53,1.25,28.47,44.28,3.4,3.39,237.95,0.46,87.37,7.68
2025-07-06T10:21:26.749822,84,p2,33,72,1.01,27.65,42.68,2.44,3.09,227.5,0.37,95.62,7.18
2025-07-06T11:18:06.817091,96,p2,34,54,0.93,26.84,41.19,2.53,2.94,230.21,0.32,98.02,7.84
2025-07-06T12:39:21.121940,107,p2,35,58,0.84,26.29,40.42,5.04,3.04,264.35,0.24,93.03,11.14
2025-07-06T13:29:23.328637,106,p2,34,57,1.32,20.16,58.8,5,1.48,240.81,0.21,64.44,13.36
2025-07-06T14:18:09.941962,105,p2,33,47,2.3,22.14,59.19,8.53,1.77,303.56,0.05,53.67,19.89
2025-07-06T15:20:07.884182,94,p2,31,52,2.86,24.59,60.05,11.19,2.06,366.33,0,45.08,25.93
2025-07-06T16:24:37.382200,81,p2,32,76,2.9,27.35,60.83,12.99,2.27,416.21,0,38.79,28.72
2025-07-06T17:18:19.940311,75,p2,34,76,2.97,29.9,61.64,13.68,2.4,450.09,0,34.96,27.15
2025-07-06T18:27:48.728598,77,p2,33,70,2.32,31.03,61.13,13.74,2.49,460.27,0,32.66,24.13
2025-07-06T19:17:07.709827,81,p2,31,72,1.68,28.62,53.39,13.07,2.69,436.69,0,31.71,18.72
2025-07-06T20:22:25.094155,90,p2,31,71,2.19,24.57,42.93,12.66,2.78,408.01,0,30.01,14.39
2025-07-06T21:19:03.952207,92,p2,31,65,2.23,19.89,33.89,11.88,2.77,367.72,0,29.64,11.71
2025-07-06T22:20:43.855267,97,p2,30,69,2.62,15.02,26.69,10.05,2.43,301.42,0,31.61,10.14
2025-07-06T23:20:00.355021,126,p2,27,73,2.6,13.45,24.54,9.43,2.12,275.2,0,30.95,9.34
2025-07-07T01:50:23.463947,134,p2,26,71,2.7,13.47,31.11,8.54,2.47,243.35,0.19,30.13,8.13
2025-07-07T03:26:16.743383,149,p2,26,81,3.55,14.43,37.4,8.19,2.92,244.22,0.8,31.53,8.68
2025-07-07T04:35:37.585346,153,p2,26,77,3.48,14.07,33.77,8.98,4.19,220.03,0.32,34.59,6.13
2025-07-07T05:24:27.127577,153,p2,26,72,4.44,14.07,33.77,8.98,4.19,220.03,0.32,34.59,6.13
2025-07-07T06:33:35.092100,142,p2,28,63,3.36,12.6,23.84,8.48,3.61,207.91,0.4,38.76,4.73
2025-07-07T07:22:22.954846,121,p2,28,62,2.61,12.6,23.84,8.48,3.61,207.91,0.4,38.76,4.73
2025-07-07T08:30:52.386650,88,p2,30,62,2.81,14.84,24.28,7.29,3.69,204.18,0.34,49.61,5.25
2025-07-07T09:25:40.833062,71,p2,32,52,2.43,14.84,24.28,7.29,3.69,204.18,0.34,49.61,5.25
2025-07-07T10:24:25.663321,70,p2,33,67,1.01,17.89,28.31,6.18,3.88,208.55,0.51,60.76,6.15
2025-07-07T11:18:47.641529,75,p2,34,56,1.34,19.41,30.92,6.89,4.01,215.69,0.1,62.61,7.43
2025-07-07T12:43:11.960529,70,p2,33,63,2.57,20.81,32.47,8.41,3.89,246.95,0.01,61.16,10.45
2025-07-07T13:34:40.488048,72,p2,37,73,2.19,13.75,30.8,9.54,2.33,298.53,0.04,48.41,15.08
2025-07-07T14:21:30.401314,86,p2,36,75,2.07,13.75,30.8,9.54,2.33,298.53,0.04,48.41,15.08
2025-07-07T15:21:40.542941,86,p2,35,75,2.16,14.56,30.12,11.85,2.37,359.3,0,40.36,16
2025-07-07T16:27:56.036539,99,p2,30,64,3.86,14.75,29.48,12.5,2.19,390.05,0,34.52,14.35
2025-07-07T17:19:21.109568,115,p2,29,75,3.99,14.78,29.89,12.42,2.14,404.6,0,31.73,13.13
2025-07-07T18:30:30.719498,126,p2,30,56,3.93,14.26,30.25,11.39,2.32,385.83,0,29.21,10.87
2025-07-07T19:18:13.040182,128,p2,33,54,3.64,14.26,30.25,11.39,2.32,385.83,0,29.21,10.87
2025-07-07T20:24:03.870849,146,p2,33,54,4,14.42,31.1,11.05,2.18,376.34,0,27.42,10.79
2025-07-07T21:20:08.628999,151,p2,32,56,4.16,14.87,32.9,11,1.92,374.28,0,25.44,11.35
2025-07-07T22:20:37.467020,155,p2,32,58,3.33,15.32,34.22,11.16,1.65,378.38,0.01,23.48,11.4
2025-07-07T23:20:30.801106,151,p2,32,58,4.17,15.73,34.53,11.4,1.47,385.95,0.01,21.66,10.43
2025-07-08T01:45:46.796996,44,p2,30,79,4.13,15.77,31.89,10.8,1.4,391.76,0.27,21.67,8.41
2025-07-08T03:20:47.451020,55,p2,29,83,3.47,15.53,31.48,10.43,1.49,390.37,0.57,25.14,8.05
2025-07-08T04:31:30.365970,63,p2,30,89,3.88,15.63,34.13,7.45,1.95,318.24,0.51,42.46,7.76
2025-07-08T05:22:07.326819,69,p2,32,88,3.21,15.63,34.13,7.45,1.95,318.24,0.51,42.46,7.76
2025-07-08T06:32:15.393028,77,p2,33,74,1.95,20.28,45.24,4.48,2.32,255.91,0.48,64.63,7.55
2025-07-08T07:21:34.886109,77,p2,35,57,1.68,20.28,45.24,4.48,2.32,255.91,0.48,64.63,7.55
2025-07-08T08:29:42.643850,77,p2,35,80,1.35,21.77,47.79,3.76,2.29,235.01,0.29,72.43,7.63
2025-07-08T09:24:23.654590,114,p2,32,75,2.25,22.68,48.39,3.66,2.28,228.01,0.24,75.75,8.07
2025-07-08T10:23:23.479645,111,p2,28,76,2.27,20.83,44.95,3.74,2.01,219.44,0.12,73.54,8.16
2025-07-08T11:19:08.784752,97,p2,27,65,2.59,17.76,39.33,3.84,1.63,210.35,0.05,68.38,7.99
2025-07-08T12:43:29.326586,82,p2,27,59,2.63,15.46,32.57,6.5,1.56,247.35,0.02,56.35,11.03
2025-07-08T13:35:26.455218,79,p2,24,64,3.5,10.83,21.33,9.15,1.73,305.48,0.01,43.67,14.17
2025-07-08T14:20:47.638351,88,p2,25,72,3.69,10.83,21.33,9.15,1.73,305.48,0.01,43.67,14.17
2025-07-08T15:23:00.176591,88,p2,25,60,3.86,12.88,23.4,11.79,1.85,371.27,0,36.3,16.09
2025-07-08T16:28:15.879969,67,p2,25,62,2.36,14.47,25.47,13.12,1.79,410.63,0,31.13,15.54
2025-07-08T17:19:36.072008,62,p2,26,63,3.22,15.74,27.87,13.55,1.75,430.95,0,28.9,14.87
2025-07-08T18:30:44.703074,62,p2,30,67,2.59,16.34,29.82,12.82,2.09,411.22,0,29.85,12.83
2025-07-08T19:17:35.561555,62,p2,33,56,2.77,16.34,29.82,12.82,2.09,411.22,0,29.85,12.83
2025-07-08T20:24:14.631342,66,p2,32,59,3.02,16.35,29.3,12.76,2.51,401.38,0,29.06,11.81
2025-07-08T21:20:35.587158,68,p2,32,60,4.02,16.72,29.77,12.89,2.76,395.47,0,27.86,11.16
2025-07-08T22:21:11.074569,71,p2,31,65,4.26,17.08,30.36,12.83,2.84,384.91,0,26.99,10.16
2025-07-08T23:21:08.231992,68,p2,29,73,5.06,17.43,30.43,12.63,2.65,376.67,0,26.24,8.63
2025-07-09T01:46:50.728586,73,p2,24,85,1.94,18.34,29.44,11.23,1.86,363.42,0.4,25.61,6.7
2025-07-09T03:23:25.682378,92,p2,25,89,2.37,18.39,30.78,9.88,1.94,341.55,1.07,30.81,6.39
2025-07-09T04:35:22.497641,90,p2,25,88,2.29,18.46,36.44,6.93,2.49,250.35,0.92,49.21,6.26
2025-07-09T05:25:43.492074,85,p2,25,83,3.06,18.46,36.44,6.93,2.49,250.35,0.92,49.21,6.26
2025-07-09T06:32:21.173579,92,p2,24,66,4.14,18.14,44.5,4.17,2.56,183.53,0.21,63,6.2
2025-07-09T07:21:46.471218,62,p2,25,56,4.08,18.14,44.5,4.17,2.56,183.53,0.21,63,6.2
2025-07-09T08:29:30.022201,66,p2,26,56,3.42,15.71,39.8,3.78,2.25,169.67,0.11,62,6.16
2025-07-09T09:25:21.506417,60,p2,27,64,3.1,14.42,35.36,4.02,2.11,170.65,0.04,60.34,6.48
2025-07-09T10:24:01.892319,62,p2,29,73,2.72,13.87,32.48,5.03,2.14,189.24,0,55.29,8.43
2025-07-09T11:19:07.207907,56,p2,32,59,2.91,14.16,31.31,6.87,2.3,225.66,0,48.3,11.52
2025-07-09T12:43:24.068749,61,p2,36,62,2.88,15.58,29.85,11.13,2.42,304.72,0.02,38.49,15.29
2025-07-09T13:34:58.628647,66,p2,32,61,3.08,16.55,29.76,12.15,2.38,329.15,0,35.96,14.1
2025-07-09T14:21:02.556928,71,p2,31,70,3.28,19.6,55.89,7.23,2.56,239.03,0.06,55.47,11.87
2025-07-09T15:23:48.224740,78,p2,33,64,3.34,20.43,54.55,8.98,2.96,269.02,0,50.91,14.14
2025-07-09T16:27:00.570296,84,p2,32,72,4.14,21.73,52.17,10.16,3.47,292.39,0,47.42,15.48
2025-07-09T17:20:51.375052,90,p2,31,72,3.56,23.56,50.21,10.9,4.21,311.84,0,45.39,16.08
2025-07-09T18:31:13.124081,86,p2,31,75,3.15,23.27,44.29,10.63,5.68,290.32,0,44.26,13.65
2025-07-09T19:17:57.391915,79,p2,31,72,3.57,23.27,44.29,10.63,5.68,290.32,0,44.26,13.65
2025-07-09T20:23:51.223517,86,p2,31,73,3.69,20.43,40.7,9.94,5.37,266.66,0,43.65,12.59
2025-07-09T21:20:32.034457,92,p2,29,72,5.02,17.42,38.73,8.96,4.64,244.77,0,43.83,11.77
2025-07-09T22:20:52.802318,96,p2,29,70,3.71,14.45,32.79,8.07,5.34,228.24,0,44.47,9.45
2025-07-09T23:20:52.003873,122,p2,29,73,3.57,12.35,25.66,7.64,4.83,223.23,0,44.4,7.11
2025-07-10T01:47:02.813455,99,p2,23,78,2.87,10.54,19.33,7.53,2.64,232.01,0.15,42.46,5.35
2025-07-10T03:23:09.646249,56,p2,23,85,3.99,10.93,19.96,7.7,2.73,241.38,0.51,44.39,5.39
2025-07-10T04:33:37.459996,62,p2,21,96,3.33,12.89,27.79,7.93,3.35,240.81,0.4,50.78,6.73
2025-07-10T05:24:24.930044,53,p2,23,96,2.48,12.89,27.79,7.93,3.35,240.81,0.4,50.78,6.73
2025-07-10T06:32:59.590520,58,p2,23,82,2.32,12.72,31.77,5.66,2.59,207.35,0.11,59.37,6.5
2025-07-10T07:21:51.139529,79,p2,23,88,1.83,12.72,31.77,5.66,2.59,207.35,0.11,59.37,6.5
2025-07-10T08:29:32.082353,119,p2,24,84,2.21,11.18,27.41,4.42,1.81,190.37,0.06,61.64,5.91
2025-07-10T09:25:13.467527,134,p2,25,70,2.09,10.41,24.65,4.16,1.54,188.11,0.05,62.27,5.98
2025-07-10T10:24:06.927451,123,p2,26,82,2.13,10.26,22.84,4.52,1.56,198.29,0.09,61.99,6.88
2025-07-10T11:19:18.826297,93,p2,27,78,2.58,10.93,22.55,5.39,1.71,218.79,0.18,60.58,8.4
2025-07-10T12:44:01.089449,69,p2,28,68,2.95,12.74,24.62,8.39,2.01,271.3,0.18,54.36,11.03
2025-07-10T13:36:00.785372,69,p2,27,66,3.51,15.45,22.49,10.57,3.09,301.63,0.02,56.51,10.83
2025-07-10T14:22:03.239905,69,p2,27,73,4.02,15.45,22.49,10.57,3.09,301.63,0.02,56.51,10.83
2025-07-10T15:23:54.551981,76,p2,25,74,5.48,16.39,23.02,11.95,3.12,337.87,0,51.04,10.23
2025-07-10T16:28:07.569616,94,p2,26,75,3.29,17.11,23.97,12.7,2.84,363.85,0,45.26,10.16
2025-07-10T17:21:01.447098,122,p2,25,78,4.07,18.79,26.67,13.97,2.65,403.39,0,39.04,11.26
2025-07-10T18:30:32.388162,134,p2,24,77,3.42,21.39,31.17,15.71,2.3,449.72,0,28.83,12.63
2025-07-10T19:17:51.220180,131,p2,25,79,3.87,21.39,31.17,15.71,2.3,449.72,0,28.83,12.63
2025-07-10T20:24:02.930387,144,p2,26,79,4.44,22.07,32.84,15.63,2.13,448.18,0,25.9,11.72
2025-07-10T21:21:45.247710,156,p2,26,80,3.67,22.82,34.67,15.26,2.02,441.51,0.01,24.12,10.61
2025-07-10T22:20:21.676545,160,p2,27,84,3.69,23.97,36.6,15.2,1.92,442.43,0.01,21.66,11.29
2025-07-10T23:20:41.345335,165,p2,27,84,3.15,26.24,39.46,15.92,1.77,463.03,0.03,17.46,14.94
2025-07-11T01:48:42.907756,159,p2,26,88,3.01,31.27,47.82,17.08,1.99,562.12,1.69,10.83,24.65
2025-07-11T03:29:00.082251,163,p2,27,79,3.75,31.8,50.8,14.09,2.17,578.06,4.13,15.7,20.37
2025-07-11T04:38:01.520586,166,p2,27,74,3.62,33.02,55.6,9.06,4.04,339.17,1.32,43.39,7.77
2025-07-11T05:24:48.239235,162,p2,28,75,3.34,33.02,55.6,9.06,4.04,339.17,1.32,43.39,7.77
2025-07-11T06:32:28.951720,152,p2,27,64,2.54,36.06,52.52,5.06,2.79,294.71,0.53,72.87,6.95
2025-07-11T07:22:23.636770,137,p2,29,64,2.35,36.06,52.52,5.06,2.79,294.71,0.53,72.87,6.95
2025-07-11T08:29:09.474624,131,p2,29,54,2.03,32.69,44.94,3.05,1.97,258.45,0.39,84.54,6.18
2025-07-11T09:23:52.726808,110,p2,30,56,1.58,32.82,43.63,2.25,1.61,246.25,0.29,93.37,6.11
2025-07-11T10:23:07.602237,102,p2,30,56,1.33,35.44,45.39,2.54,1.44,262.13,0.31,98.68,8.21
2025-07-11T11:19:21.901607,96,p2,29,50,1.35,39.09,48.45,3.64,1.43,299.52,0.43,99.8,11.87
2025-07-11T12:42:18.754946,89,p2,30,52,1.14,46.1,55.32,9.8,1.93,419.98,0.46,92.92,23.9
2025-07-11T13:33:45.999614,84,p2,32,60,0.47,66.05,82.63,16.13,3.35,539.71,0.08,96.45,36.88
2025-07-11T14:21:39.783324,84,p2,31,58,1.53,66.05,82.63,16.13,3.35,539.71,0.08,96.45,36.88
2025-07-11T15:23:17.438901,102,p2,31,58,2.39,72.07,89.49,18.44,3.82,617.7,0,87.33,44.04
2025-07-11T16:27:18.435589,122,p2,32,65,2.34,75.59,93.66,19.2,4.08,665.41,0,78.34,48.12
2025-07-11T17:19:55.151461,135,p2,31,68,2.63,77.47,96.04,18.97,4.11,700.6,0,69.1,48.02
2025-07-11T18:30:20.122088,152,p2,31,63,2.89,69.02,85.36,14.81,3.14,642.44,0,63.39,28.04
2025-07-11T19:17:32.462583,153,p2,32,68,3.16,69.02,85.36,14.81,3.14,642.44,0,63.39,28.04
2025-07-11T20:24:15.638882,152,p2,32,58,2.97,64.33,79.19,13.38,2.72,614.89,0,59.41,21.61
2025-07-11T21:20:32.918848,139,p2,31,60,3.53,62.44,76.29,12.54,2.43,603.51,0,54.43,17.87
2025-07-11T22:20:45.211394,147,p2,31,63,2.98,60.6,73.07,12.09,2.85,599.93,0,49.63,16.52
2025-07-11T23:20:39.319476,154,p2,30,67,2.76,60.57,71.85,12.51,3.56,612.16,0,45.08,19.48
2025-07-12T01:49:49.365854,153,p2,30,68,3.44,66.64,76.72,14.29,4.06,686.68,0.65,37.94,30.65
2025-07-12T03:26:39.637510,110,p2,28,80,0.36,68.17,78.56,11.58,3.53,698.04,2.06,44.15,24.92
2025-07-12T04:32:35.186528,124,p2,27,85,4.47,75.99,87.4,5.32,2.97,579.13,0.9,94.49,15.84
2025-07-12T05:21:20.319252,129,p2,31,58,1.03,75.99,87.4,5.32,2.97,579.13,0.9,94.49,15.84
2025-07-12T06:30:02.880129,144,p2,33,50,2.82,76.7,85.48,1.53,2.77,391.21,0.2,137.65,8.71
2025-07-12T07:20:18.319347,156,p2,36,41,2.09,76.7,85.48,1.53,2.77,391.21,0.2,137.65,8.71
2025-07-12T08:26:07.642961,158,p2,37,38,1.75,63.33,69.74,1.12,2.23,324.39,0.14,134.59,6.48
2025-07-12T09:21:15.158250,166,p2,37,36,1.6,60.59,66.24,1.1,1.98,311.91,0.13,133.68,6.42
2025-07-12T10:21:23.099634,160,p2,38,34,1.13,62.59,68.18,1.96,1.86,333.57,0.24,127.57,9.68
2025-07-12T11:18:10.859966,155,p2,38,34,1.59,67.28,73.14,3.44,1.86,378.62,0.4,121.22,15.06
2025-07-12T12:39:50.753416,154,p2,37,35,2.69,75.77,82.37,9.69,2.53,496.63,0.37,113.58,30.35
2025-07-12T13:29:56.899593,149,p2,36,37,1.8,46.8,52.37,4.78,2.67,339.6,0.13,114.21,13.63
2025-07-12T14:19:09.019549,147,p2,33,45,0.73,47.55,53.83,6.75,3.1,374.33,0.02,102.37,16.39
2025-07-12T15:21:00.758768,155,p2,32,47,1.51,48.41,55.5,7.93,3.58,405.09,0,92.84,18.73
2025-07-12T16:24:45.782222,163,p2,32,50,2.25,48.51,56.36,8.9,4,426.73,0,82.73,20.21
2025-07-12T17:18:06.523098,167,p2,31,52,2.06,49.48,58.15,9.81,4.21,452.74,0,73.51,21.07
2025-07-12T18:28:18.945633,164,p2,32,51,2.42,50.64,60.11,10.24,4.31,469.05,0,67.4,20.63
2025-07-12T19:16:39.215128,168,p2,32,56,2.48,50.99,61.32,10.02,4.3,464.83,0,63.82,18.58
2025-07-12T20:22:07.494784,170,p2,31,59,2.48,52.6,63.63,10.61,3.92,480.48,0,56.68,17.54
2025-07-12T21:19:17.378350,172,p2,31,60,2.53,54.7,66.34,11.27,3.54,502.51,0,49.4,16.52
2025-07-12T22:20:01.015316,174,p2,31,60,2.21,56.83,68.83,11.94,3.1,526.84,0,41.98,15.54
2025-07-12T23:21:14.149171,176,p2,31,61,1.97,59.36,71.54,12.74,2.61,556.33,0,34.82,14.47
2025-07-13T01:57:30.218178,177,p2,31,63,1.89,67.61,80.39,12.9,2.12,668.94,1.33,21.78,13.94
2025-07-13T03:42:47.977646,178,p2,33,53,1.6,82.28,96.39,7.01,6.82,597.42,1.48,73.17,11.67
2025-07-13T04:38:16.898939,185,p2,34,48,1.34,100.17,113.52,4.62,7.51,568.6,0.74,108.22,11.11
2025-07-13T05:22:55.039669,194,p2,35,44,1.87,100.17,113.52,4.62,7.51,568.6,0.74,108.22,11.11
2025-07-13T06:30:46.680506,186,p2,36,53,2.3,118.7,131.07,3.15,7.47,559.11,0.41,137.43,10.79
2025-07-13T07:21:32.507327,177,p2,36,55,3.32,88.54,95.81,1.57,5.86,406.61,0.19,143.82,5.25
2025-07-13T08:26:09.740261,166,p2,34,67,4.76,67.78,72.63,1.16,3.77,341.07,0.15,134.35,4.07
2025-07-13T09:23:21.728847,157,p2,35,67,5.83,61.07,65.26,1.16,3.06,325.21,0.14,131.53,4.08
2025-07-13T10:22:50.977684,147,p2,34,67,4.63,59.01,63,1.53,2.7,330.35,0.17,129.7,5.5
2025-07-13T11:17:35.902998,140,p2,35,63,3.71,59.14,63.21,2.31,2.5,347.78,0.22,126.63,8.11
2025-07-13T12:40:04.444437,129,p2,35,57,3.78,59.83,64.47,6.07,2.42,411.38,0.19,112.97,15.24
2025-07-13T13:30:22.353001,128,p2,35,55,3.62,62.62,68.1,9.24,2.41,475.19,0.04,96.35,20.57
2025-07-13T14:18:51.943060,126,p2,33,60,4.45,73.72,77.87,8.75,2.63,553.87,0.03,88.53,14.84
2025-07-13T15:20:24.349807,117,p2,32,53,3.7,75.78,80.63,10.37,2.51,607.18,0,76.94,16.24
2025-07-13T16:24:52.776800,119,p2,32,54,2.68,76.85,82.25,11.55,2.35,651.38,0,67.38,15.87
2025-07-13T17:18:03.596902,131,p2,32,54,2.42,78.17,84.11,12.57,2.18,698.64,0,58.56,15.14
2025-07-13T18:28:22.531221,123,p2,31,52,2.08,79.13,85.43,13.43,1.95,739.73,0,50.73,13.96
2025-07-13T19:16:43.647698,135,p2,31,58,1.28,78.65,84.95,13.59,1.65,757.3,0,44.48,12.55
2025-07-13T20:22:07.232907,132,p2,31,58,1.72,77.98,84.25,13.36,1.48,767.06,0,40.88,11.69
2025-07-13T21:19:18.477975,115,p2,30,61,2.62,77.13,83.38,12.75,1.44,770.94,0,39.57,10.9
2025-07-13T22:20:28.170059,96,p2,30,64,3.05,76.46,82.64,11.66,1.47,762.93,0,41.17,10.29
2025-07-13T23:21:37.409979,104,p2,30,65,1.98,76.83,83.09,11.13,1.46,766.75,0,40.87,9.83
2025-07-14T01:53:03.762524,153,p2,28,74,1.77,81.45,88.71,10.11,1.83,806.41,0.38,41.69,10.58
2025-07-14T03:42:32.388132,161,p2,29,70,1.18,75.72,82.14,4.93,4.52,636.76,0.62,102.52,8.49
2025-07-14T04:42:48.823363,155,p2,30,72,1.76,68.65,73.56,3.14,4.32,559.77,0.31,123.22,7.13
2025-07-14T05:26:56.075750,140,p2,28,71,1.93,68.65,73.56,3.14,4.32,559.77,0.31,123.22,7.13
2025-07-14T06:34:38.090501,99,p2,30,72,1.94,59.53,62.71,2.3,3.76,493.29,0.13,131.11,5.96
2025-07-14T07:25:20.336223,90,p2,30,59,1.64,59.53,62.71,2.3,3.76,493.29,0.13,131.11,5.96
2025-07-14T08:32:35.877685,98,p2,31,56,1.72,57.33,59.68,2.95,3.46,492.23,0.08,126.42,6.29
2025-07-14T09:29:17.243085,127,p2,30,67,3.54,57.33,59.68,2.95,3.46,492.23,0.08,126.42,6.29
2025-07-14T10:24:34.082245,137,p2,30,87,2.82,60.13,62.51,3.44,3.32,509.39,0.1,125.67,7.19
2025-07-14T11:19:45.674364,147,p2,30,87,2.45,66.41,69.13,4.29,3.49,536.85,0.12,124.72,8.66
2025-07-14T12:45:08.204893,158,p2,30,68,2.02,80.07,83.62,7.36,4.04,610.6,0.12,117.4,11.18
2025-07-14T13:37:10.799175,160,p2,28,77,4.39,86.75,91.1,9.4,4.14,662.29,0.02,107.05,12.4
2025-07-14T14:22:50.926623,142,p2,25,73,8.38,42.74,45.63,6.25,3.1,463.97,0.03,109.15,10.31
2025-07-14T15:24:21.170581,124,p2,26,86,8.19,43.1,46.52,7.25,3.21,500.1,0,99.39,11.58
2025-07-14T16:28:33.096607,128,p2,27,80,4.2,44.88,48.78,8.07,3.24,533.96,0,88.83,12.04
2025-07-14T17:20:47.098228,121,p2,28,80,2.93,47.37,51.75,8.76,3.21,569.61,0,79.25,12.01
2025-07-14T18:32:56.810622,136,p2,28,74,2.98,49.28,54.07,8.94,3.06,601.02,0,66.64,11.57
2025-07-14T19:17:17.229176,149,p2,27,82,3.67,49.28,54.07,8.94,3.06,601.02,0,66.64,11.57
2025-07-14T20:25:14.675873,152,p2,26,84,2.81,49.62,54.42,8.59,2.89,605.52,0,62.15,10.33
2025-07-14T21:21:16.699120,154,p2,26,83,3.19,50.07,54.88,8.2,2.78,608.79,0,59.36,9.18
2025-07-14T22:21:06.423846,130,p2,26,81,2.42,50.23,54.95,7.79,2.86,608.01,0,58.13,7.99
2025-07-14T23:21:04.477153,135,p2,26,83,2.29,49.82,54.22,7.43,3.06,606.47,0,57.98,6.79
2025-07-15T01:53:21.931853,120,p2,26,81,3.08,39.35,41.38,6.35,3.29,560.89,0.11,61.4,4.21
2025-07-15T03:39:37.016064,160,p2,28,76,2.67,34.55,36.15,7.34,2.92,587.11,0.49,59.6,4.48
2025-07-15T04:40:08.473504,156,p2,27,72,2.19,34.71,36.49,7.37,3.25,595.32,0.65,62.64,5.2
2025-07-15T05:25:56.257840,102,p2,26,66,2.72,34.71,36.49,7.37,3.25,595.32,0.65,62.64,5.2
2025-07-15T06:34:06.371646,90,p2,26,58,3.22,41.9,43.88,7.15,4.04,605,0.39,78.44,6.31
2025-07-15T07:23:19.590129,93,p2,24,55,4.53,41.9,43.88,7.15,4.04,605,0.39,78.44,6.31
2025-07-15T08:30:12.079882,99,p2,25,50,4.2,43.17,45.09,8.15,3.72,619.15,0.26,76.56,6.91
2025-07-15T09:30:34.739707,108,p2,28,69,3.85,41.82,43.73,8.52,3.5,622.01,0.25,74.68,6.7
2025-07-15T10:23:59.864882,115,p2,29,58,3.78,41.82,43.73,8.52,3.5,622.01,0.25,74.68,6.7
2025-07-15T11:19:49.582754,105,p2,27,78,2.37,39.39,41.22,9.1,3.32,624.36,0.18,71.51,6.1
2025-07-15T12:45:32.289959,84,p2,26,77,3.87,31.51,33.04,11.09,2.72,632.86,0.17,61.65,4.85
2025-07-15T13:38:06.065749,90,p2,28,84,4.41,21.59,22.84,8.89,3.1,525.84,0.03,70.01,4.74
2025-07-15T14:20:45.960069,69,p2,30,89,3.73,21.21,22.53,9.24,3.01,545.91,0,67.34,4.22
2025-07-15T15:22:47.919424,77,p2,33,79,2.86,21.13,22.49,9.22,2.98,564,0,65.93,3.87
2025-07-15T16:28:38.523958,92,p2,30,86,4.32,21.15,22.43,8.78,2.94,570.59,0,66.07,3.53
2025-07-15T17:20:14.484100,132,p2,27,87,4.55,22.16,23.38,8.38,2.93,574.05,0,66.86,3.37
2025-07-15T18:32:58.721083,115,p2,28,88,3.31,24.08,25.03,7.4,2.87,550.36,0,67.99,3.01
2025-07-15T19:18:59.212472,56,p2,27,98,3.45,24.08,25.03,7.4,2.87,550.36,0,67.99,3.01
2025-07-15T20:25:18.198598,53,p2,27,88,4.06,24.88,25.86,7.03,2.92,534.89,0,66.52,3.04
2025-07-15T21:21:11.561667,62,p2,27,96,3.48,25.33,26.43,6.95,3.06,526.49,0,62.89,3.09
2025-07-15T22:21:58.230214,64,p2,26,96,3.39,25.49,26.71,7.14,3.1,527.75,0,58.1,3.17
2025-07-15T23:20:47.726112,81,p2,26,92,4.08,25.13,26.48,7.4,3.03,533.43,0,52.82,3.2
2025-07-16T01:50:09.867664,111,p2,26,91,4.7,23.88,25.76,8.86,2.68,584.1,0.01,37.4,3.53
2025-07-16T03:37:19.350517,118,p2,27,91,5.71,24.57,27.13,10.66,2.45,656.72,0.24,31.07,4.17
2025-07-16T04:38:59.170732,134,p2,28,88,6.07,25.16,28.2,10.92,2.61,677.64,0.34,32.4,4.46
2025-07-16T05:27:21.548567,127,p2,29,85,6.19,25.16,28.2,10.92,2.61,677.64,0.34,32.4,4.46
2025-07-16T06:33:20.672749,124,p2,29,75,5.86,24.03,27.15,9.03,2.75,674.16,0.39,51.63,3.97
2025-07-16T07:23:12.586870,110,p2,29,73,6.29,24.03,27.15,9.03,2.75,674.16,0.39,51.63,3.97
2025-07-16T08:30:21.400207,114,p2,30,70,6.49,22.47,24.78,6.26,2.08,635.22,0.16,74.78,4.07
2025-07-16T09:27:55.852107,107,p2,28,78,4.93,22.47,24.78,6.26,2.08,635.22,0.16,74.78,4.07
2025-07-16T10:25:53.523945,102,p2,28,69,4.42,21.27,23.34,5.71,1.68,621.89,0.13,80.8,4.47
2025-07-16T11:19:31.825404,94,p2,27,79,3.25,19.3,21.2,5.86,1.39,610.21,0.13,80.6,5.22
2025-07-16T12:46:15.801381,77,p2,26,82,4.66,18.85,21.03,9.51,1.18,653.52,0.11,65.46,9.47
2025-07-16T13:38:31.222326,69,p2,25,86,3.79,23.74,28.29,13.83,1.32,648.75,0.06,53.54,18.7
2025-07-16T14:20:57.069853,74,p2,25,82,3.83,23.74,28.29,13.83,1.32,648.75,0.06,53.54,18.7
2025-07-16T15:24:58.131722,91,p2,25,83,3.26,28.03,34.39,17.2,1.58,746.36,0,39.86,21.19
2025-07-16T16:29:10.946868,88,p2,25,88,3.78,31.3,39.17,18.86,1.67,809.64,0,32.77,20.98
2025-07-16T17:21:51.180154,91,p2,26,83,3.55,33.32,42.16,18.89,1.64,839.91,0,30.55,17.82
2025-07-16T18:32:01.630053,92,p2,25,82,3.44,31.85,40.76,15.71,1.47,772.21,0,39.84,12.44
2025-07-16T19:18:46.292992,97,p2,24,88,3.69,31.85,40.76,15.71,1.47,772.21,0,39.84,12.44
2025-07-16T20:24:53.253183,105,p2,24,88,3.52,31.32,40.39,14.59,1.41,746.22,0,41.21,11.21
2025-07-16T21:21:32.265063,112,p2,24,88,3.11,31.02,40.54,13.49,1.36,726.76,0,42.16,10.51
2025-07-16T22:21:23.845683,124,p2,25,88,3.1,30.59,41.01,12.3,1.31,706.12,0,43.55,9.98
2025-07-16T23:21:25.473083,137,p2,25,85,3.18,30.65,42.48,11.82,1.22,699.71,0,42.33,9.79
2025-07-17T01:50:42.326319,134,p2,25,88,3.94,32.69,54.14,11.39,1.26,706.07,0.26,36.96,10.81
2025-07-17T03:28:49.816709,147,p2,29,90,4.27,34.75,61.85,10.71,1.53,714.52,1.08,40.47,11.54
2025-07-17T04:38:47.672948,152,p2,30,82,4.88,40.96,83.73,8.86,2.8,648.16,0.79,64.68,11.16
2025-07-17T05:26:27.032500,149,p2,31,77,4.87,40.96,83.73,8.86,2.8,648.16,0.79,64.68,11.16
2025-07-17T06:33:02.770279,130,p2,32,71,4.18,40.74,84.25,4.55,4.3,497.65,0.26,108.38,7.65
2025-07-17T07:23:34.165089,113,p2,32,77,4.11,40.74,84.25,4.55,4.3,497.65,0.26,108.38,7.65
2025-07-17T08:30:13.357526,112,p2,32,69,4.06,36.02,74.46,3.26,3.49,429.32,0.15,114.85,7.73
2025-07-17T09:26:55.065381,108,p2,33,65,3.99,36.02,74.46,3.26,3.49,429.32,0.15,114.85,7.73
2025-07-17T10:25:02.484047,100,p2,32,71,4.36,36.07,74.37,3.55,3.4,427.82,0.13,112.76,8.71
2025-07-17T11:20:12.925466,96,p2,32,66,3.96,36.26,73.44,4.25,3.31,433.63,0.11,106.65,9.87
2025-07-17T12:44:47.182918,88,p2,31,71,3.94,36.37,70.12,7.62,3.33,480.53,0.01,87.5,12.1
2025-07-17T13:38:00.421460,90,p2,31,72,3.93,35.32,52.9,10.31,2.72,557.4,0.02,95.7,16.34
2025-07-17T14:20:38.414296,98,p2,30,72,3.64,35.32,52.9,10.31,2.72,557.4,0.02,95.7,16.34
2025-07-17T15:24:36.341434,112,p2,29,79,3.81,36.89,53.93,12.11,2.86,617.48,0,85.92,17.6
2025-07-17T16:28:41.329127,118,p2,28,84,4.12,37.01,52.45,13.07,2.94,654.81,0,76.04,17.36
2025-07-17T17:20:55.699119,127,p2,28,85,4.3,36.89,51.02,13.59,2.86,685.36,0,66.35,15.95
2025-07-17T18:33:10.197635,144,p2,28,83,4.04,33.64,46,12.39,2.5,661.99,0,57.91,12.49
2025-07-17T19:19:10.062599,153,p2,28,84,3.65,33.64,46,12.39,2.5,661.99,0,57.91,12.49
2025-07-17T20:24:48.360517,156,p2,28,83,3.73,32.57,44.69,11.63,2.37,645.45,0,54.26,11.34
2025-07-17T21:21:00.219388,158,p2,27,84,3.86,32.36,44.51,11.1,2.24,635.71,0,50.43,10.48
2025-07-17T22:21:45.302906,157,p2,27,84,2.94,32.75,44.2,11.05,2.5,637.32,0,44.69,9.46
2025-07-17T23:22:01.000893,157,p2,27,84,2.62,33.78,44.29,11.6,2.6,655.98,0,37.09,9.16
2025-07-18T01:52:22.770150,155,p2,27,89,2.85,36.6,46.85,12.53,2.4,727.36,0.66,22.61,9.75
2025-07-18T03:38:49.754945,160,p2,28,83,3.67,35.9,49.06,8.06,2.56,627.31,0.98,58.56,7.5
2025-07-18T04:41:11.947352,156,p2,29,75,4.77,38.29,53.38,6.64,2.52,572.06,0.6,75.08,7.39
2025-07-18T05:27:29.227189,153,p2,31,72,5.18,38.29,53.38,6.64,2.52,572.06,0.6,75.08,7.39
2025-07-18T06:33:16.451033,135,p2,30,64,2.49,36.85,51.75,5.03,3.22,474.19,0.29,98.03,6.38
2025-07-18T07:24:20.780213,122,p2,30,67,2.58,36.85,51.75,5.03,3.22,474.19,0.29,98.03,6.38
2025-07-18T08:30:01.209441,115,p2,31,61,3.12,31.4,42.75,3.17,3.05,401.84,0.3,113.97,5.48
2025-07-18T09:26:51.974782,99,p2,31,65,4.41,31.4,42.75,3.17,3.05,401.84,0.3,113.97,5.48
2025-07-18T10:24:25.778654,110,p2,30,73,4.55,34.54,45.86,3.27,3.09,411.13,0.38,117.9,7.96
2025-07-18T11:19:08.029460,142,p2,31,69,3.92,38.46,50.37,4.79,3.19,445.03,0.43,114.89,12.39
2025-07-18T12:44:25.890634,156,p2,31,69,3.64,42.06,54.97,11.5,3.39,549.5,0.27,101.07,24.14
2025-07-18T13:37:47.845922,167,p2,30,71,3.55,31.26,35.87,8.56,3.31,442.05,0.04,86.54,12.31
2025-07-18T14:21:57.182958,167,p2,30,74,2.78,31.26,35.87,8.56,3.31,442.05,0.04,86.54,12.31
2025-07-18T15:23:30.054293,173,p2,30,72,2.21,35.44,40.74,10.15,3.44,498.2,0,77.69,13.25
2025-07-18T16:29:00.687187,176,p2,29,78,2.26,39.27,45.19,11.36,3.34,547.54,0,68.77,12.97
2025-07-18T17:21:49.168344,186,p2,29,78,1.71,43.44,50.11,12.73,3.08,606.63,0,59.28,12.96
2025-07-18T18:31:15.575956,182,p2,29,75,1.84,49.74,57.18,14.17,2.28,684.38,0,43.59,12.21
2025-07-18T19:18:16.378666,185,p2,29,79,2.16,49.74,57.18,14.17,2.28,684.38,0,43.59,12.21
2025-07-18T20:24:19.739996,188,p2,29,86,1.88,51.92,59.36,14,1.84,702.91,0,37.06,11.92
2025-07-18T21:21:13.396742,192,p2,29,81,1.58,53.63,61.03,13.59,1.52,720.1,0.01,31.78,12.18
2025-07-18T22:21:38.292806,192,p2,29,81,1.54,54.64,61.89,13.12,1.32,733.83,0.02,27.91,12.48
2025-07-18T23:20:54.452914,182,p2,29,81,2.16,55.15,62.11,12.56,1.18,743.86,0.03,25.6,11.48
2025-07-19T01:46:47.731227,164,p2,28,82,2.02,56.9,62.9,9.3,1.32,780.5,1.34,30.36,9.71
2025-07-19T03:23:55.810374,159,p2,31,71,2.54,60.8,66.78,7.81,1.77,784.34,2.09,46.49,10.32
2025-07-19T04:32:50.278534,153,p2,33,64,2.73,65.49,69.47,2.55,3.81,531.99,0.35,120.93,7.36
2025-07-19T05:23:12.810419,129,p2,35,62,2.81,65.49,69.47,2.55,3.81,531.99,0.35,120.93,7.36
2025-07-19T06:30:58.840996,103,p2,36,61,2.66,52.62,55.23,1.14,3.37,379.75,0.16,129.59,5.04
2025-07-19T07:20:09.238129,88,p2,34,55,2.45,52.62,55.23,1.14,3.37,379.75,0.16,129.59,5.04
2025-07-19T08:27:31.165474,77,p2,35,52,2.5,42.86,44.94,0.94,2.67,329.46,0.14,122.85,4.48
2025-07-19T09:21:19.878512,75,p2,33,55,2.5,39.89,41.8,0.93,2.41,312.16,0.14,121.36,4.65
2025-07-19T10:22:30.463300,75,p2,34,49,2.54,39.3,41.22,1.08,2.38,308.98,0.15,122.48,5.4
2025-07-19T11:18:18.038669,77,p2,35,49,2.8,41.18,43.33,1.45,2.51,314.44,0.18,124.11,6.87
2025-07-19T12:41:01.601675,77,p2,35,49,3.03,43.35,46.06,3.44,2.84,336.29,0.16,117.25,10.33
2025-07-19T13:31:04.420387,80,p2,35,54,3.06,57.77,61.69,5.26,3.86,362.04,0.03,116,13.13
2025-07-19T14:19:35.832441,82,p2,33,58,3.33,57.77,61.69,5.26,3.86,362.04,0.03,116,13.13
2025-07-19T15:21:16.884095,90,p2,32,62,3.89,58.81,63.27,6.23,4.11,383.57,0,107.64,14.56
2025-07-19T16:25:52.568115,95,p2,31,63,3.45,58.3,63.17,6.71,4.37,393.24,0,100.58,14.94
2025-07-19T17:20:00.977669,111,p2,31,63,3.52,57.2,62.45,6.93,4.69,399.34,0,95.11,15.16
2025-07-19T18:29:08.372882,122,p2,31,62,4.02,55.17,60.76,7,4.92,399.86,0,90.2,15.14
2025-07-19T19:16:43.260391,118,p2,31,68,4.21,51.92,57.89,6.87,4.92,389.22,0,84.97,15
2025-07-19T20:23:22.615062,112,p2,31,67,3.81,48.5,55.14,6.8,4.65,380.09,0,79.5,15.16
2025-07-19T21:20:06.733968,117,p2,31,70,3.27,44.99,52.67,6.77,4.22,371.96,0,73.85,15.22
2025-07-19T22:20:56.147275,128,p2,30,69,3.08,41.89,50.94,6.78,3.73,365.08,0,68.19,14.85
2025-07-19T23:22:56.725650,144,p2,30,74,2.64,39.69,50.52,6.94,3.25,363.09,0,62.78,14.01
2025-07-20T01:59:06.763681,153,p2,30,78,2.43,33.56,53.49,7.07,2.64,351.78,0.53,49.11,11.9
2025-07-20T03:49:50.346209,122,p2,32,72,3.46,33.67,64.51,4.84,4.27,309.49,1.13,66.79,10.05
2025-07-20T04:43:35.759548,107,p2,33,66,3.12,39.07,71.25,3.65,4.55,289.43,0.66,83.15,9.45
2025-07-20T05:26:39.939344,85,p2,34,58,2.92,39.07,71.25,3.65,4.55,289.43,0.66,83.15,9.45
2025-07-20T06:31:06.765630,77,p2,35,53,3.15,36.89,65.49,2,4.24,233.23,0.2,102.3,6.37
2025-07-20T07:19:55.606018,69,p2,36,51,2.86,36.89,65.49,2,4.24,233.23,0.2,102.3,6.37
2025-07-20T08:27:19.348113,66,p2,36,55,2.81,30.32,53.31,1.78,3.67,215.19,0.16,100.42,5.27
2025-07-20T09:21:43.967850,62,p2,37,54,2.84,27.59,48.81,1.84,3.61,208.88,0.16,99.67,5.2
2025-07-20T10:23:15.414233,62,p2,37,48,2.93,26.6,47.41,2.04,3.69,210.08,0.19,99.9,5.75
2025-07-20T11:18:22.824814,65,p2,36,50,2.61,26.01,46.62,2.41,3.81,215.78,0.23,98.71,6.81
2025-07-20T12:41:26.575807,68,p2,36,51,2.9,25.09,45.85,5.93,3.82,264.71,0.32,83.37,12.15
2025-07-20T13:32:03.246375,73,p2,34,65,3.29,16.11,31.34,8.38,2.81,291.02,0.04,64.73,15.92
2025-07-20T14:19:44.845993,87,p2,33,68,4.25,16.11,31.34,8.38,2.81,291.02,0.04,64.73,15.92
2025-07-20T15:21:39.154233,99,p2,33,63,3.57,17.51,33.4,10.65,2.64,343.82,0,53.8,21.01
2025-07-20T16:25:53.419705,106,p2,32,72,3.3,18.57,34.92,12.09,2.46,379.7,0,45.94,24.2
2025-07-20T17:18:56.160288,107,p2,31,65,3.36,19.43,36.63,12.81,2.27,401.48,0,40.51,23.34
2025-07-20T18:29:30.527374,111,p2,31,66,4.33,19.86,38.37,13,2.16,404.63,0,37.24,21.28
2025-07-20T19:17:20.470661,111,p2,30,73,4.21,19.41,39.84,12.39,2.06,381.06,0,35.58,18.95
2025-07-20T20:24:01.462485,117,p2,30,74,3.34,19.49,42.03,12.35,1.91,370.66,0,32.28,18.31
2025-07-20T21:20:16.192830,114,p2,30,81,3.02,19.81,44.8,12.31,1.78,364.12,0,29.26,17.99
2025-07-20T22:20:55.646060,107,p2,30,77,3,20.15,47.6,12.13,1.66,356.91,0,26.84,17.56
2025-07-20T23:22:08.787926,115,p2,29,78,2.83,20.54,50.56,11.9,1.56,348.08,0.01,25.11,16.87
2025-07-21T01:56:40.263611,124,p2,29,82,2.43,22.38,61.98,10.16,1.6,337.69,1.02,22.42,16.17
2025-07-21T03:46:14.360628,102,p2,32,73,2.77,24.65,82.11,8.09,2.29,296.07,1.05,36.95,14.28
2025-07-21T04:44:37.600929,87,p2,32,65,3.12,25.98,87.71,7.54,2.4,284.02,0.7,43.14,13.91
2025-07-21T05:29:22.436541,78,p2,33,60,2.74,25.98,87.71,7.54,2.4,284.02,0.7,43.14,13.91
2025-07-21T06:34:14.312833,75,p2,33,57,3.78,22.3,73.28,3.87,1.9,216.4,0.17,65.27,7.63
2025-07-21T07:29:20.374363,71,p2,34,55,3.91,22.3,73.28,3.87,1.9,216.4,0.17,65.27,7.63
2025-07-21T09:30:34.201362,68,p2,32,64,5.08,14.21,39.49,3.34,2.58,181.01,0.11,69.93,5.81
2025-07-21T10:25:46.060042,69,p2,31,60,5.52,14.21,39.49,3.34,2.58,181.01,0.11,69.93,5.81
2025-07-21T11:20:13.981604,73,p2,28,69,7.67,13.59,35.97,4.37,2.9,191.4,0.12,67,7.29
2025-07-21T12:47:45.989079,81,p2,27,69,6.25,13.75,32.08,8.12,3.52,239.46,0.13,57.3,11.86
2025-07-21T13:40:12.701177,97,p2,27,69,5.57,16.22,34.42,11.04,3.95,291.86,0.03,49.7,15.9
2025-07-21T14:23:45.271008,113,p2,27,74,5.74,16.22,34.42,11.04,3.95,291.86,0.03,49.7,15.9
2025-07-21T15:24:26.360456,105,p2,27,80,5.41,12.17,21.57,10.2,3.32,274.68,0,50.93,15.05
2025-07-21T16:28:49.686662,86,p2,25,78,4.75,13.3,23.52,10.85,3.55,293.93,0,46.05,16.02
2025-07-21T17:22:00.941530,100,p2,26,83,4.47,14.28,25.75,11.12,3.84,306.54,0,42.86,16.44
2025-07-21T18:34:24.014932,110,p2,26,80,3.91,16.39,31.97,9.92,4.16,295.17,0,42.07,14.55
2025-07-21T19:19:18.939882,117,p2,27,83,3.72,16.39,31.97,9.92,4.16,295.17,0,42.07,14.55
2025-07-21T20:25:07.876290,122,p2,26,81,3.52,17.97,36.01,9.67,3.76,296.73,0,40.71,14.07
2025-07-21T21:21:10.487993,127,p2,26,81,3.38,19.15,40.24,9.37,3.3,296.04,0,39.24,13.5
2025-07-21T22:22:20.936779,129,p2,26,79,3.11,19.61,44.35,9.1,2.96,291.66,0,37.49,12.97
2025-07-21T23:21:45.379813,141,p2,25,78,3.23,19.81,48.58,9.03,2.76,286.91,0,35.55,12.66
2025-07-22T01:51:03.610927,146,p2,26,85,3.96,21.87,64.17,7.99,2.21,286.76,0.43,33.2,11.96
2025-07-22T03:39:20.104657,159,p2,26,92,4.86,24.5,73.41,5.86,2.12,278.5,1.05,44.94,10.66
2025-07-22T04:40:20.052285,160,p2,28,83,4.83,26.46,73.52,4.95,2.11,268.1,0.72,55.57,10.05
2025-07-22T05:26:43.134472,152,p2,29,82,4.39,26.46,73.52,4.95,2.11,268.1,0.72,55.57,10.05
2025-07-22T06:33:46.205101,101,p2,30,73,3.48,32.38,70.81,3.41,2,256.67,0.3,75.25,9.31
2025-07-22T07:24:44.490685,71,p2,28,77,2.91,32.38,70.81,3.41,2,256.67,0.3,75.25,9.31
2025-07-22T08:31:34.458462,79,p2,30,76,3.16,30.64,57.04,4.88,1.89,287.2,0.19,70.68,10.27
2025-07-22T09:27:36.902548,86,p2,31,73,3.24,30.64,57.04,4.88,1.89,287.2,0.19,70.68,10.27
2025-07-22T10:25:20.342827,88,p2,33,72,2.5,28.84,52.11,5.79,1.77,299.41,0.08,66.12,11.11
2025-07-22T11:19:25.677971,90,p2,33,76,2.19,26.74,48.25,6.22,1.71,299.48,0.06,63.02,10.59
2025-07-22T12:46:10.935611,92,p2,32,69,4.02,22.91,42.49,8.32,2.24,294.55,0.06,56.35,10.08
2025-07-22T13:39:24.238310,93,p2,31,71,3.3,13.32,23.35,8.66,1.35,325.17,0.05,51.61,12.8
2025-07-22T14:22:13.764091,83,p2,29,82,3.63,13.32,23.35,8.66,1.35,325.17,0.05,51.61,12.8
2025-07-22T15:25:22.724208,90,p2,29,82,3.57,13.74,24.02,10.7,1.51,367.88,0,42.8,13.48
2025-07-22T16:29:17.964006,119,p2,29,81,3.36,13.89,24.27,12.44,1.67,399.23,0,35.42,13.09
2025-07-22T17:22:15.206465,142,p2,28,76,3.42,13.92,24.71,13.62,1.82,417.36,0,30.49,12.45
2025-07-22T18:33:00.172214,152,p2,28,80,3.36,13.04,26.84,12.44,2.51,374.11,0,29.99,9.87
2025-07-22T19:19:32.419241,155,p2,29,81,3.58,13.04,26.84,12.44,2.51,374.11,0,29.99,9.87
2025-07-22T20:25:32.849993,155,p2,28,82,3.04,13.2,29.94,11.79,2.87,346.69,0,29.9,9.36
2025-07-22T21:21:30.302304,159,p2,28,81,2.65,14.12,35.81,11,2.95,320.09,0,30.1,9.2
2025-07-22T22:21:42.332237,157,p2,27,79,3.23,16.03,45.22,9.9,2.56,297.21,0,30.27,9.17
2025-07-22T23:21:53.067942,155,p2,27,80,2.98,18.12,52.4,9.46,1.99,295.8,0,28.31,9.85
2025-07-23T01:52:19.352843,154,p2,26,88,3,23.07,62.6,8.85,1.6,341.03,0.67,23.8,11.75
2025-07-23T03:41:02.350442,62,p2,28,95,2.76,25.28,77.29,5.98,2.12,266.21,0.73,43.52,9.09
2025-07-23T04:42:42.418020,61,p2,30,90,3,26.49,78.17,4.96,2.2,248.5,0.61,53.93,8.77
2025-07-23T05:29:04.291342,86,p2,30,93,3.1,26.49,78.17,4.96,2.2,248.5,0.61,53.93,8.77
2025-07-23T06:34:24.083270,130,p2,31,72,2.62,27.62,73.66,2.31,1.76,205.48,0.23,77.57,7.58
2025-07-23T07:25:16.739150,139,p2,30,81,2.33,27.62,73.66,2.31,1.76,205.48,0.23,77.57,7.58
2025-07-23T08:31:44.637608,152,p2,33,66,1.89,26.57,61.7,1.17,1.32,192.35,0.18,89.46,6.29
2025-07-23T09:28:37.561969,115,p2,33,74,1.85,26.57,61.7,1.17,1.32,192.35,0.18,89.46,6.29
2025-07-23T10:25:03.741902,79,p2,33,61,1.2,26.85,60.78,1.17,1.26,196.16,0.18,92.99,6.46
2025-07-23T11:20:26.793100,73,p2,32,59,0.36,26.49,60.13,1.44,1.25,202.19,0.19,93.3,7.08
2025-07-23T12:46:52.152343,69,p2,33,64,0.79,26.81,60.79,5.5,1.43,268.06,0.33,77.52,12.5
2025-07-23T13:40:04.419465,72,p2,33,71,1.29,29.79,63.7,10.97,1.69,367.3,0.1,58.5,19.29
2025-07-23T14:24:14.170703,80,p2,31,65,2.9,27.5,61.94,12.83,2.1,399.51,0.11,42.11,22.29
2025-07-23T15:26:00.105206,94,p2,29,77,5.64,30.57,64.94,16.32,2.24,493.64,0.01,29.95,26.1
2025-07-23T16:29:30.371709,153,p2,28,76,4.37,32.73,66.54,18.68,2.25,561.33,0.04,21.55,26.43
2025-07-23T17:23:18.269615,175,p2,28,77,5.12,34.02,67.33,19.74,2.13,602.5,0.07,16.88,23.65
2025-07-23T18:32:34.126613,181,p2,28,74,3.17,31.76,63.64,18.24,1.62,566.81,0.01,19.34,16.02
2025-07-23T19:19:42.845042,178,p2,30,74,2.4,31.76,63.64,18.24,1.62,566.81,0.01,19.34,16.02
2025-07-23T20:25:34.965183,175,p2,30,70,2.05,30.98,60.84,17.55,1.45,553.94,0.01,17.87,13.32
2025-07-23T21:21:52.577143,165,p2,31,73,2.07,30.35,58.11,16.39,1.43,539.09,0.02,17.35,11.4
2025-07-23T22:22:06.275529,157,p2,31,65,2.21,28.8,53.35,14.29,1.47,504.65,0.02,18.78,10.08
2025-07-23T23:22:32.316004,153,p2,30,68,1.3,28.8,50.87,13.87,1.39,508.77,0.03,16.45,9.4
2025-07-24T01:51:09.078366,144,p2,30,70,0.56,31.5,55.41,13.59,1.48,560.72,1.02,10.72,11.7
2025-07-24T03:39:19.115798,155,p2,26,84,1.65,29.63,67.37,9.17,2.02,432.86,1.11,29.41,9.7
2025-07-24T04:40:56.436464,148,p2,27,83,0.76,28.37,70.04,7.62,2.06,372.64,0.71,37.53,9.96
2025-07-24T05:27:40.938323,85,p2,28,65,1.81,28.37,70.04,7.62,2.06,372.64,0.71,37.53,9.96
2025-07-24T06:34:31.805066,77,p2,28,54,0.74,24.06,67.48,3.85,1.52,244.21,0.22,60.38,8.56
2025-07-24T07:24:50.627651,75,p2,29,72,1.05,24.06,67.48,3.85,1.52,244.21,0.22,60.38,8.56
2025-07-24T08:31:04.123778,80,p2,30,56,1.06,18.7,54.62,2.21,1.15,189.94,0.12,69.29,6.6
2025-07-24T09:27:17.660356,91,p2,29,68,1.18,18.7,54.62,2.21,1.15,189.94,0.12,69.29,6.6
2025-07-24T10:25:31.915132,95,p2,29,54,1.74,18.61,55.65,2.3,1.16,188.77,0.12,70.28,6.99
2025-07-24T11:20:06.589998,82,p2,30,66,2.32,19.27,58.51,2.87,1.23,196.67,0.14,68.16,8.23
2025-07-24T12:47:07.027794,71,p2,30,49,2.24,21.54,62.02,7.27,1.46,272.25,0.3,54.38,14.36
2025-07-24T13:39:38.878542,73,p2,31,50,2.27,26.24,46.56,8.42,1.53,323.94,0.06,61.83,14.12
2025-07-24T14:23:53.359137,87,p2,29,78,2.19,26.24,46.56,8.42,1.53,323.94,0.06,61.83,14.12
2025-07-24T15:22:19.161525,99,p2,28,68,1.81,28.48,48.19,10.91,1.73,387.22,0,51.25,15.36
2025-07-24T16:26:07.858314,107,p2,28,70,1.86,31.02,50.1,13.44,1.79,456.19,0,40.21,15.48
2025-07-24T17:21:17.658814,122,p2,28,72,2.16,34.43,53.69,16.2,1.88,539.49,0,29.15,18.07
2025-07-24T18:32:50.645785,132,p2,28,73,2.03,38.45,58.43,20.42,2.1,638.63,0.04,16.2,31.7
2025-07-24T19:19:29.582427,129,p2,29,80,0.44,38.45,58.43,20.42,2.1,638.63,0.04,16.2,31.7
2025-07-24T20:23:35.880317,151,p2,29,80,0.39,39.36,59.89,21.16,2.09,654.31,0.07,13.13,37.56
2025-07-24T21:21:51.051063,156,p2,30,85,0.33,40.67,61.98,21.37,2.05,666.19,0.13,10.57,41.03
2025-07-24T22:22:08.847147,152,p2,30,81,1.49,41.97,63.6,21.29,2.04,682.38,0.23,8.36,40.98
2025-07-24T23:22:14.357938,122,p2,30,80,2.07,42.94,64.27,20.7,2.07,699.11,0.39,6.86,37.17
2025-07-25T01:51:09.045273,118,p2,27,82,3.52,39.23,58.45,14.42,1.97,655.99,0.76,13,16.25
2025-07-25T03:39:43.004463,88,p2,26,79,2.59,29.47,52.58,8.1,2.02,465.98,1.38,39.71,9.33
2025-07-25T04:40:41.263527,81,p2,26,79,1.34,29.64,54.68,6.57,1.93,417.96,0.96,51.93,9.15
2025-07-25T05:29:12.535158,76,p2,25,68,1.22,29.64,54.68,6.57,1.93,417.96,0.96,51.93,9.15
2025-07-25T06:34:34.821134,84,p2,27,64,1.27,29.22,58.58,2.95,1.42,293.88,0.26,77.33,7.42
2025-07-25T07:24:39.163609,82,p2,29,59,1.14,29.22,58.58,2.95,1.42,293.88,0.26,77.33,7.42
2025-07-25T08:30:17.500408,84,p2,30,63,0.5,30.59,64.85,1.37,1.25,230.93,0.19,90.6,6.43
2025-07-25T09:26:52.684667,86,p2,32,61,0.44,30.59,64.85,1.37,1.25,230.93,0.19,90.6,6.43
2025-07-25T10:25:00.641325,94,p2,32,59,1.47,34.36,71.8,1.59,1.33,236.17,0.21,93.75,7.44
2025-07-25T11:19:55.631464,96,p2,30,60,1.16,37.88,77.8,2.48,1.46,255.57,0.25,91.95,9.46
2025-07-25T12:45:01.287492,95,p2,28,55,2.37,43.06,84.81,7.6,1.88,342.97,0.24,76.6,15.97
2025-07-25T13:37:35.653244,94,p2,26,62,7.75,46.94,87.54,12,2.08,435.13,0.06,59.4,20.53
2025-07-25T14:21:28.135696,96,p2,25,63,3.83,46.94,87.54,12,2.08,435.13,0.06,59.4,20.53
2025-07-25T15:24:42.025525,90,p2,27,66,1.59,48.96,75.52,15.65,2.1,535.29,0,36.74,18.61
2025-07-25T16:28:29.016452,99,p2,27,68,1.54,50.91,77.46,17.05,2,590.87,0.01,29,17.58
2025-07-25T17:21:41.202029,135,p2,27,68,2.41,51.45,78.22,17.09,1.87,617.09,0.01,26.27,15.27
2025-07-25T18:32:21.474619,156,p2,26,68,2.66,48.15,75.84,15.11,1.63,580.17,0,32.55,10.92
2025-07-25T19:19:06.322044,165,p2,26,63,2.12,48.15,75.84,15.11,1.63,580.17,0,32.55,10.92
2025-07-25T20:24:43.407306,169,p2,26,65,1.36,45.72,72.66,13.82,1.89,546.37,0,32.88,9.86
2025-07-25T21:20:54.483671,171,p2,26,66,1.35,44.18,70.15,12.8,2.54,524.39,0,33,9.43
2025-07-25T22:21:30.519277,166,p2,26,69,1.47,42.44,67.69,11.3,3.22,488.34,0,36.28,9.18
2025-07-25T23:21:31.564613,168,p2,26,71,1.02,40.6,65.91,10.04,3.62,451.97,0,39.27,9.28
2025-07-26T01:47:42.159209,159,p2,26,76,1.51,37.58,63.6,8.77,3.7,399,0.15,38.71,9.23
2025-07-26T03:27:36.209028,147,p2,29,81,2.46,38.05,66.01,8.6,3.61,402.88,0.73,38.79,9.35
2025-07-26T04:37:33.712872,121,p2,30,73,2.87,40.91,74.67,5.83,3.72,343.94,0.88,57.56,9.22
2025-07-26T05:24:24.222097,102,p2,31,70,2.34,40.91,74.67,5.83,3.72,343.94,0.88,57.56,9.22
2025-07-26T06:31:35.515613,86,p2,29,71,1.54,37.95,65.73,1.69,2.46,258.3,0.18,99.94,6.1
2025-07-26T07:21:16.394094,73,p2,32,65,2.52,37.95,65.73,1.69,2.46,258.3,0.18,99.94,6.1
2025-07-26T08:27:41.230994,83,p2,33,72,2.85,30.95,51.73,1.01,1.63,254.21,0.12,106.05,5.47
2025-07-26T09:21:57.507039,84,p2,34,66,2.27,28.95,46.56,0.89,1.34,261.32,0.11,108.2,5.63
2025-07-26T10:21:54.778100,79,p2,34,63,2.1,29.7,45.86,1.21,1.31,278.1,0.16,108.23,7.1
2025-07-26T11:19:13.779316,79,p2,34,62,1.8,32.05,47.71,1.98,1.41,302.19,0.24,106.48,9.86
2025-07-26T12:41:25.219493,79,p2,34,54,1.7,37.01,51.62,7.22,2.01,398.12,0.31,100,22.03
2025-07-26T13:32:38.313296,85,p2,35,64,0.87,40.91,55.5,13.12,2.7,501.3,0.07,90.19,36.45
2025-07-26T14:20:20.159918,100,p2,34,60,0.68,40.91,55.5,13.12,2.7,501.3,0.07,90.19,36.45
2025-07-26T15:21:30.390375,110,p2,33,67,1.55,38.37,55.33,18.68,2.8,608.7,0,49.56,47.99
2025-07-26T16:25:51.588079,133,p2,33,66,1.94,41.14,58.03,20.54,2.96,670.45,0,40.01,51.91
2025-07-26T17:21:03.520383,145,p2,33,73,2.44,44.06,60.81,21.19,2.77,716.57,0,31.21,47.47
2025-07-26T18:29:52.755884,155,p2,32,72,2.88,45.79,62.1,21.15,2.34,745.26,0.01,24.15,38.66
2025-07-26T19:17:30.540976,160,p2,31,77,2.74,44.89,60.32,20.34,1.68,745.13,0.03,19,26.01
2025-07-26T20:23:11.204861,164,p2,31,74,2.5,45.18,60.13,19.77,1.31,747.56,0.04,15.16,21.03
2025-07-26T21:20:09.912644,165,p2,31,81,2.05,46.37,61.17,19.44,1.13,755.37,0.06,12.78,19.28
2025-07-26T22:21:02.027389,166,p2,31,81,2.03,47.87,62.48,19.25,1.06,765.53,0.07,11.3,18.28
2025-07-26T23:21:14.850823,169,p2,31,75,2.16,49.2,63.32,18.75,1.06,771.79,0.1,10.85,16.18
2025-07-27T01:59:57.013166,172,p2,30,81,2.41,49.63,62.65,12.58,1.56,690.91,1.2,24.8,12.65
2025-07-27T03:51:44.792827,166,p2,31,78,2.43,53.41,74.61,6.32,3.6,492.96,1.12,69.04,10.14
2025-07-27T04:45:21.632486,159,p2,33,72,2.47,61.45,86.38,4.14,4.39,418.23,0.61,91.53,9.55
2025-07-27T05:27:21.144320,142,p2,31,63,2.37,61.45,86.38,4.14,4.39,418.23,0.61,91.53,9.55
2025-07-27T06:31:51.812737,135,p2,31,57,1.89,57.31,82.62,1.53,4.04,296.53,0.17,117.94,6.11
2025-07-27T07:20:40.524360,131,p2,32,61,1.68,57.31,82.62,1.53,4.04,296.53,0.17,117.94,6.11
2025-07-27T08:27:07.410507,128,p2,33,60,1.53,47.29,69.19,1.13,3.07,269.06,0.13,117.2,5.5
2025-07-27T09:22:37.020148,118,p2,35,56,1.36,45.03,65.6,1.11,2.65,264.93,0.13,116.98,5.82
2025-07-27T10:22:26.828847,114,p2,37,55,1.3,46.87,66.82,2.34,2.49,295.86,0.29,115.32,10.97
2025-07-27T11:18:29.773401,109,p2,37,49,1.17,51.82,71.58,4.64,2.67,356.37,0.51,122.04,21.49
2025-07-27T12:42:33.598496,122,p2,36,53,1.04,59.94,79.74,13.33,3.54,501.99,0.43,128.79,46.19
2025-07-27T13:32:02.342569,129,p2,35,58,2.33,63.44,83.5,17.68,3.97,580.71,0.06,115.15,56.98
2025-07-27T14:19:50.762963,149,p2,34,53,3.25,63.44,83.5,17.68,3.97,580.71,0.06,115.15,56.98
2025-07-27T15:21:27.883512,156,p2,34,63,3.32,44.15,61.87,17.5,3.23,562.53,0,56.3,45.4
2025-07-27T16:26:06.720137,162,p2,33,66,3.18,45.63,63.91,17.79,2.76,608.24,0,43.35,39.7
2025-07-27T17:20:13.618450,168,p2,32,69,3.31,46.24,64.8,17.55,2.26,637.29,0,33.91,30.68
2025-07-27T18:30:07.898710,170,p2,32,73,3.51,42.65,60.49,15.27,1.64,600.17,0,31.41,17.7
2025-07-27T19:18:39.499559,174,p2,32,69,2.81,42.65,60.49,15.27,1.64,600.17,0,31.41,17.7
2025-07-27T20:23:51.331844,175,p2,32,70,2.66,41.51,58.83,15.68,1.45,604.68,0.01,25.98,15.27
2025-07-27T21:20:25.611038,171,p2,31,77,2.63,41.02,58.04,16.23,1.35,617.26,0.01,20.66,14.12
2025-07-27T22:21:06.312255,176,p2,31,77,2.49,40.54,57.81,16.09,1.32,618.79,0.02,17.5,13.23
2025-07-27T23:22:04.655931,176,p2,31,59,2.44,40.37,58.67,15.83,1.28,617.52,0.04,15.52,12.21
2025-07-28T01:57:48.874849,173,p2,30,77,2.19,40.29,67.58,14.36,1.4,612.4,0.57,13.45,12.11
2025-07-28T03:49:01.164835,178,p2,32,68,2.76,41.41,92.5,9.85,2.26,504.24,1.38,33.75,12.59
2025-07-28T04:48:42.920266,171,p2,33,78,2.73,44.4,105.78,8.21,2.49,450.21,1.04,46.29,12.94
2025-07-28T05:29:48.643888,166,p2,34,58,2.51,44.4,105.78,8.21,2.49,450.21,1.04,46.29,12.94
2025-07-28T06:36:15.726850,158,p2,35,53,2,46.82,118.98,3.78,2.24,310.18,0.3,79.12,9.58
2025-07-28T07:26:49.766778,157,p2,35,57,1.54,46.82,118.98,3.78,2.24,310.18,0.3,79.12,9.58
2025-07-28T08:33:12.596400,152,p2,35,60,1.79,38.98,96.06,2.87,1.67,266.32,0.1,84.91,8.55
2025-07-28T09:30:03.422516,132,p2,36,44,1.81,38.2,91.39,3.33,1.57,277.53,0.09,84.13,9.95
2025-07-28T10:25:38.261357,122,p2,36,51,1.35,38.2,91.39,3.33,1.57,277.53,0.09,84.13,9.95
2025-07-28T11:20:36.381468,117,p2,37,60,0.64,38.94,90.11,4.17,1.54,298.08,0.13,81.36,12.15
2025-07-28T12:48:32.816078,111,p2,37,56,2.7,43.17,95.49,8.72,1.72,376.1,0.11,68.23,18.54
2025-07-28T13:40:45.916001,116,p2,35,70,4.14,47.01,100.41,13.02,1.94,462.88,0.02,52.88,23.63
2025-07-28T14:24:21.788733,117,p2,33,71,4.69,47.01,100.41,13.02,1.94,462.88,0.02,52.88,23.63
2025-07-28T15:25:48.401338,130,p2,32,72,3.76,62.84,133.69,14.99,2.04,511.7,0,47.04,27.09
2025-07-28T16:29:56.072153,142,p2,32,72,3.62,65.07,134.69,17.17,2.08,577.14,0,36.57,28.01
2025-07-28T17:23:28.127774,151,p2,31,76,4.33,67.03,136.32,18.27,2.02,625.76,0,29.94,26.71
2025-07-28T18:34:11.894949,165,p2,31,70,3.48,66.9,138.68,17.38,1.53,621.79,0.01,25.17,20.51
2025-07-28T19:20:00.530489,161,p2,31,72,3.48,66.9,138.68,17.38,1.53,621.79,0.01,25.17,20.51
2025-07-28T20:25:55.702254,157,p2,31,81,2.95,65.35,139.24,16.21,1.37,588.07,0.02,24.79,19.15
2025-07-28T21:20:55.268573,158,p2,30,81,3.21,63.37,141.29,14.54,1.26,541.05,0.01,26.04,18.21
2025-07-28T22:23:11.425470,161,p2,30,80,2.33,59.76,149.3,11.25,1.18,447.68,0,32.33,15.84
2025-07-28T23:23:05.253581,165,p2,28,82,4.42,57.15,154.01,9.29,1.08,380.37,0,35.17,14.82
2025-07-29T02:03:54.339752,163,p2,28,83,4.13,54.45,173.75,6.55,1.2,280.62,0.32,37.91,13.39
2025-07-29T04:08:24.192029,122,p2,29,73,3.12,57.24,198.84,4.26,1.61,246.32,1.07,53.65,12.58
2025-07-29T05:30:46.624936,144,p2,32,74,3.29,0.51,229.3,1.95,2,217.2,0.34,63.44,11.2
2025-07-29T06:35:06.860606,128,p2,33,65,2.43,72.71,236.68,1.45,1.93,198.35,0.2,98.93,9.74
2025-07-29T07:25:46.498112,110,p2,34,68,2.27,72.71,236.68,1.45,1.93,198.35,0.2,98.93,9.74
2025-07-29T08:31:36.237431,97,p2,30,57,2.49,68.9,226.75,1.37,1.92,179.57,0.13,100.81,7.96
2025-07-29T09:27:57.368558,110,p2,30,69,2.95,68.9,226.75,1.37,1.92,179.57,0.13,100.81,7.96
2025-07-29T10:24:50.062675,107,p2,33,68,3.5,68.19,222.94,1.62,2.11,181.55,0.13,101.35,8.07
2025-07-29T11:20:10.493008,101,p2,33,69,4.02,67.21,217.19,2.14,2.36,188.98,0.16,99.41,8.73
2025-07-29T12:49:12.703067,101,p2,33,57,3.24,65.34,205.6,4.63,2.96,222.15,0.1,90.02,11.15
2025-07-29T13:43:23.161585,131,p2,31,61,3.08,66.17,189.85,7.4,3.49,274.04,0.01,69.87,12.54
2025-07-29T14:26:28.134499,123,p2,31,71,3.7,66.17,189.85,7.4,3.49,274.04,0.01,69.87,12.54
2025-07-29T15:26:09.840554,119,p2,31,72,5.91,63.87,171.63,8.39,4.67,284.59,0,64.41,12.29
2025-07-29T16:28:26.464033,116,p2,28,75,6.52,59.7,147.02,9.5,5.91,290.91,0,57.29,11.46
2025-07-29T17:23:39.906968,101,p2,28,82,6.82,55.98,128.59,10.94,6.59,308.47,0,49.3,11.27
2025-07-29T18:34:32.936122,96,p2,26,79,6.54,46.45,103.23,12.15,5.32,332.31,0,36.76,11
2025-07-29T19:22:04.553023,102,p2,26,83,5.74,46.45,103.23,12.15,5.32,332.31,0,36.76,11
2025-07-29T20:26:11.288219,101,p2,26,82,5.28,41.7,93.64,11.79,4.13,335.28,0,33.65,10.67
2025-07-29T21:22:08.912315,119,p2,31,83,5.58,37.96,86.65,11.3,3.25,336.19,0,32.06,10.28
2025-07-29T22:22:45.933473,134,p2,24,83,5,35.53,82.13,10.97,2.73,336.82,0,31.08,9.92
2025-07-29T23:22:13.490451,139,p2,24,84,3.95,34.38,79.47,11.04,2.48,341.39,0,30.15,9.61
2025-07-30T01:53:51.301668,132,p2,25,84,3.89,33.92,76.11,11.33,2.55,374.56,0.79,28.11,8.98
2025-07-30T03:44:36.392703,99,p2,25,82,4.07,33.52,90.55,9.79,4,320.5,0.74,41.19,7.81
2025-07-30T04:45:30.636849,84,p2,25,80,3.77,33.36,95.46,7.93,4.56,290.26,1.04,48.19,7.74
2025-07-30T05:30:34.270582,84,p2,26,83,4.02,35.57,100.35,6.36,4.99,268.02,0.92,60.08,7.69
2025-07-30T06:36:03.253063,88,p2,25,74,2.42,38.93,104.14,4.51,4.71,232.4,0.47,76.93,6.69
2025-07-30T07:26:16.437262,88,p2,29,76,2.67,38.93,104.14,4.51,4.71,232.4,0.47,76.93,6.69
2025-07-30T08:31:46.169883,79,p2,30,75,3.53,39.88,93.48,3.34,3.79,219.81,0.29,91.81,5.97
2025-07-30T09:30:06.860093,73,p2,29,65,4.13,42.27,90.39,3.54,3.54,245.8,0.33,94.18,7.44
2025-07-30T10:25:11.711320,73,p2,29,71,4.27,42.27,90.39,3.54,3.54,245.8,0.33,94.18,7.44
2025-07-30T11:21:22.855267,73,p2,28,72,4.55,45.38,89.08,4.4,3.3,286.71,0.39,92.69,10.11
2025-07-30T12:48:41.840910,77,p2,27,68,5,49.58,85.36,8.2,3.22,382.93,0.15,84.62,14.49
2025-07-30T13:41:33.856864,84,p2,29,72,4.2,51.86,80.92,9.1,3.05,437.66,0.01,80.09,13.34
2025-07-30T14:22:14.116082,97,p2,29,77,4.56,51.86,80.92,9.1,3.05,437.66,0.01,80.09,13.34
2025-07-30T15:24:59.486992,99,p2,28,79,4.55,55.16,76.48,8.91,3.04,492.5,0,81.17,11.66
2025-07-30T16:28:51.180475,79,p2,28,83,4.69,43.52,61.96,8.52,2.8,415.29,0,65.06,10.85
2025-07-30T17:22:12.629901,74,p2,28,83,4.19,45.25,58.47,9.25,3.08,484.65,0,58.12,10.18
2025-07-30T18:33:42.705353,84,p2,29,84,4.7,52.37,60.21,10.36,3.82,621.27,0,47.19,8.58
2025-07-30T19:19:53.342604,90,p2,28,84,4.04,52.37,60.21,10.36,3.82,621.27,0,47.19,8.58
2025-07-30T20:23:50.440186,96,p2,28,85,3.51,56.07,62.87,10.62,3.91,675.5,0,42.82,8.09
2025-07-30T21:21:31.093761,95,p2,28,84,3.02,59.17,65.41,10.73,3.92,716.95,0,39.18,7.79
2025-07-30T22:22:24.794561,98,p2,27,85,3.12,61.34,67.07,10.81,4.01,744.52,0,36.14,7.54
2025-07-30T23:22:12.281793,99,p2,27,85,3.41,62.95,68.42,11.02,3.95,765.67,0,33.06,7.66
2025-07-31T01:53:38.433790,59,p2,27,89,3.79,61.05,68.34,11.2,3.28,789.12,0.36,25.61,8.37
2025-07-31T03:43:23.424204,50,p2,27,76,5.2,66.05,74.87,8.62,3.28,779.27,1.5,48.1,7.86
2025-07-31T04:43:52.160860,63,p2,28,80,5.99,74.43,83.02,7.6,3.17,776.94,1,68.66,7.83
2025-07-31T05:28:10.678123,72,p2,29,80,6.36,74.43,83.02,7.6,3.17,776.94,1,68.66,7.83
2025-07-31T06:34:44.881193,86,p2,30,69,5.05,73.01,80.42,5.1,2.63,697.15,0.3,101.7,6
2025-07-31T07:25:17.060392,94,p2,29,76,5.21,73.01,80.42,5.1,2.63,697.15,0.3,101.7,6
2025-07-31T08:31:38.820095,84,p2,30,61,5.18,63.4,69,4.85,2.11,646.42,0.16,105.53,5.81
2025-07-31T09:28:39.356783,81,p2,31,67,4.78,63.4,69,4.85,2.11,646.42,0.16,105.53,5.81
2025-07-31T10:25:27.586612,90,p2,32,61,5.04,64.67,70.06,5.89,2.15,668.12,0.11,101.39,7.73
2025-07-31T11:20:15.484909,82,p2,31,64,4.28,66.16,71.59,7.77,2.33,705.66,0.09,91.49,10.22
2025-07-31T12:46:08.076775,75,p2,31,60,4.58,63.41,68.41,12.91,2.65,788.24,0.12,64.04,12.03
2025-07-31T13:39:44.450766,60,p2,30,70,4.15,62.93,68.11,15.36,2.61,843.3,0.02,50.32,11.8
2025-07-31T14:23:51.362863,58,p2,29,74,4,62.93,68.11,15.36,2.61,843.3,0.02,50.32,11.8
2025-07-31T15:25:06.869557,66,p2,28,78,4.09,63.08,68.69,16.74,2.61,884.02,0,42.44,12.14
2025-07-31T16:29:00.937106,77,p2,28,82,4.07,51.56,62.06,12.58,3.58,655.63,0,52.12,10.49
2025-07-31T17:22:27.030440,90,p2,28,83,4.55,49.85,62.08,13.77,3.38,658.65,0,41.2,10.38
2025-07-31T18:33:52.313822,97,p2,28,83,4.6,46.38,60.12,14.91,3.01,631.03,0.01,27.85,9.12
2025-07-31T19:20:10.181278,102,p2,28,83,4.46,46.38,60.12,14.91,3.01,631.03,0.01,27.85,9.12
2025-07-31T20:25:34.911669,111,p2,27,83,3.98,44.2,56.78,14.98,2.75,614.27,0.02,23.53,8.95
2025-07-31T21:21:45.832569,107,p2,27,87,3.29,42.55,54.26,14.79,2.53,598.69,0.05,20.68,10.03
2025-07-31T22:22:17.638065,115,p2,27,87,2.76,40.96,51.67,14.43,2.32,583.47,0.08,18.97,11.23
2025-07-31T23:22:00.347948,118,p2,27,88,2.68,39.19,49.07,13.94,2.02,566.21,0.09,17.93,10.56
2025-08-01T02:03:34.577385,129,p2,25,89,3.04,31.38,40.44,10.47,1.35,451.16,0.05,24.78,3.62
2025-08-01T04:14:44.034094,132,p2,25,93,2.48,29.39,38.22,10.19,1.48,438.28,0.59,26.77,3.07
2025-08-01T05:32:40.837663,140,p2,25,89,2.35,31.26,40.42,9.9,1.65,486.97,1.6,29.23,4.06
2025-08-01T06:36:02.376370,129,p2,25,87,2.38,33.5,42.85,9.83,1.82,503.22,1.92,37.8,5.12
2025-08-01T07:27:31.793771,135,p2,25,84,1.89,33.5,42.85,9.83,1.82,503.22,1.92,37.8,5.12
2025-08-01T08:31:26.721266,139,p2,25,83,1.56,46.86,57.21,12.36,2.29,565.67,1.39,61.55,7.86
2025-08-01T09:28:09.783334,131,p2,27,81,1.58,46.86,57.21,12.36,2.29,565.67,1.39,61.55,7.86
2025-08-01T10:25:29.831654,117,p2,28,82,2.35,57.52,68.64,12.98,2.48,589.52,1.1,77.63,8.8
2025-08-01T11:19:59.679537,88,p2,29,81,2.86,64.12,75.82,13.94,2.58,602.37,0.76,86.89,9.28
2025-08-01T12:46:41.672779,55,p2,29,82,3.48,64.7,77.23,17.76,2.55,630.17,0.22,83.9,9.59
2025-08-01T13:39:09.347153,53,p2,27,83,3.37,64.07,77.56,17.95,2.34,656.79,0.02,70.61,8.39
2025-08-01T14:23:50.009246,54,p2,27,81,2.96,64.07,77.56,17.95,2.34,656.79,0.02,70.61,8.39
2025-08-01T15:24:50.258842,58,p2,26,81,2.67,54.79,60.86,26.91,3.39,1078.93,0.07,14.78,5.36
2025-08-01T16:29:45.886954,66,p2,26,84,2.55,58.02,64.92,27.39,3.3,1112.43,0.15,12.32,6.02
2025-08-01T17:23:13.920819,73,p2,26,85,2.37,61.25,69,27.34,3.08,1148.71,0.33,8.68,6.67
2025-08-01T18:32:53.140199,78,p2,26,85,2.2,63.89,71.04,24.73,2.06,1162.27,0.84,4.2,5.31
2025-08-01T19:19:40.760311,88,p2,26,84,1.26,63.89,71.04,24.73,2.06,1162.27,0.84,4.2,5.31
2025-08-01T20:24:54.569946,94,p2,26,85,0.35,63.93,70.45,23.26,1.68,1148.4,0.93,3.56,4.66
2025-08-01T21:21:12.330157,112,p2,26,84,0.48,64.78,70.93,22.35,1.54,1147.91,1.01,3.47,4.56
2025-08-01T22:21:52.015668,119,p2,26,84,0.8,66.54,72.87,21.76,1.46,1155.23,1.21,3.35,4.76
2025-08-01T23:21:58.570718,139,p2,26,85,1.29,68.2,75.04,20.78,1.36,1162.66,1.57,3,4.87
2025-08-02T01:48:04.934143,158,p2,26,88,1.98,66.76,77.39,17,1.34,1155.5,2.85,3.94,4.3
2025-08-02T03:27:16.060072,134,p2,27,83,1.84,65.61,78.8,14.49,1.48,1138.06,4.1,9.68,3.79
2025-08-02T04:36:43.667284,83,p2,27,80,2.42,68.33,88.31,8.88,2.06,879.14,1.19,59.18,2.02
2025-08-02T05:25:18.777456,90,p2,28,77,2.13,68.33,88.31,8.88,2.06,879.14,1.19,59.18,2.02
2025-08-02T06:30:51.910836,96,p2,29,75,3.26,85.34,114.95,3.18,2.04,721.55,0.31,112.41,0.87
2025-08-02T07:20:31.182062,113,p2,30,71,3.11,85.34,114.95,3.18,2.04,721.55,0.31,112.41,0.87
2025-08-02T08:27:36.868695,108,p2,31,70,3.07,83.84,111.58,2.11,1.7,661.83,0.22,121.83,0.66
2025-08-02T09:24:28.747359,105,p2,32,66,2.71,86.08,111.63,1.82,1.59,640.87,0.18,129.81,0.68
2025-08-02T10:22:19.589641,107,p2,33,61,2.78,86.97,111.93,1.94,1.62,625.95,0.18,134.75,0.87
2025-08-02T11:18:56.807080,115,p2,33,65,2.15,86.93,112.76,2.48,1.71,612.06,0.19,134.07,1.29
2025-08-02T12:41:57.348412,119,p2,33,61,2.46,86.96,116.22,7.46,1.81,648.39,0.18,105.45,3.46
2025-08-02T13:31:56.831203,126,p2,32,66,2.18,90.63,121.25,12.7,1.86,740.26,0.03,72.83,5.66
2025-08-02T14:20:23.111776,115,p2,31,70,2.4,73.83,114.11,12.93,1.83,606.72,0.03,61.09,6.25
2025-08-02T15:21:53.116695,102,p2,30,71,2.59,76.66,118.08,16.09,2.01,678.76,0,45.28,7.68
2025-08-02T16:26:31.680696,105,p2,29,74,2.42,76.78,118.35,17.84,2.03,720.2,0,35.13,7.87
2025-08-02T17:19:11.948081,112,p2,29,79,2.1,76.28,117.68,18.05,1.8,744.13,0,29.33,6.17
2025-08-02T18:30:39.176565,116,p2,29,77,2.01,72.38,112.97,16.72,1.27,726.59,0,31.58,3.3
2025-08-02T19:17:23.112194,117,p2,29,78,2.57,72.38,112.97,16.72,1.27,726.59,0,31.58,3.3
2025-08-02T20:23:21.555947,117,p2,28,80,2.26,70.01,109.57,16.27,1.09,712.77,0,28.45,2.91
2025-08-02T21:20:30.753688,124,p2,28,84,1.72,68.2,107.49,16.03,0.99,705.01,0.01,24.45,2.85
2025-08-02T22:21:02.594486,129,p2,28,84,1.66,66.5,106.68,15.64,0.93,694.64,0.01,20.86,2.79
2025-08-02T23:23:28.856439,132,p2,28,84,2.13,65.82,106.36,15.63,0.9,695.07,0.03,16.97,2.69
2025-08-03T02:01:31.073181,151,p2,29,81,2.59,60.86,108.76,11.47,1.01,635.45,1,19.19,2.77
2025-08-03T04:10:17.002453,140,p2,33,67,2.29,52.43,126.53,5.44,1.37,439.69,1.62,46.03,2.58
2025-08-03T05:28:40.349443,144,p2,34,55,2.47,55.32,138.18,3.62,1.45,365.44,0.9,66.33,2.53
2025-08-03T06:31:19.730206,139,p2,36,51,2.4,58.81,156.48,1.27,1.42,236.04,0.23,94.31,1.88
2025-08-03T07:20:41.181544,134,p2,36,48,2.21,58.81,156.48,1.27,1.42,236.04,0.23,94.31,1.88
2025-08-03T08:27:48.277283,116,p2,37,44,2.04,53.54,151.93,0.98,1.4,192.72,0.17,94.28,1.53
2025-08-03T09:22:08.833131,87,p2,38,40,1.88,50.96,148.97,0.92,1.39,175.59,0.15,94.65,1.41
2025-08-03T10:22:40.546325,77,p2,37,79,1.67,49.35,146.67,1.09,1.38,170.44,0.17,93.99,1.46
2025-08-03T11:19:35.181434,82,p2,36,77,1.67,47.7,143.39,1.53,1.39,172.77,0.22,90.64,1.71
2025-08-03T12:43:58.707194,82,p2,36,68,3.27,44.88,136.17,4.89,1.43,215.55,0.24,71.57,2.95
2025-08-03T13:33:45.841957,88,p2,34,62,3.72,44.88,136.17,4.89,1.43,215.55,0.24,71.57,2.95
2025-08-03T14:19:37.731816,97,p2,33,71,3.03,40.12,119.98,8.32,1.32,267.23,0.05,51.71,4.26
2025-08-03T15:22:10.845963,109,p2,34,68,2.96,40.93,117.37,10.65,1.43,323.93,0,41.64,5.17
2025-08-03T16:26:44.320682,117,p2,33,55,2.71,40.87,113.46,12.23,1.47,362.74,0,34.9,5.37
2025-08-03T17:19:58.710691,117,p2,32,56,2.76,40.57,110.72,13.01,1.5,384.58,0,31.09,5.34
2025-08-03T18:31:06.037919,142,p2,32,57,2.31,37.79,102.68,12.52,1.39,369.9,0,28.48,4.58
2025-08-03T19:18:02.255043,147,p2,30,59,2.68,37.79,102.68,12.52,1.39,369.9,0,28.48,4.58
2025-08-03T20:24:32.366993,152,p2,31,60,2.36,35.85,98.04,11.84,1.3,350.55,0,28.08,4.3
2025-08-03T21:20:56.876971,153,p2,30,61,2.89,33.55,94.23,10.84,1.22,325.89,0,28.78,4.02
2025-08-03T22:21:28.845561,151,p2,30,61,2.85,30.68,91.01,9.57,1.11,293.97,0,30.39,3.73
2025-08-03T23:21:55.301716,143,p2,29,63,1.13,28.27,88.17,8.75,0.99,269.3,0,31.17,3.67
2025-08-04T02:01:45.943132,129,p2,30,65,3.29,24.66,91.25,6.49,1.02,222.78,0.37,33.63,3.57
2025-08-04T04:16:13.425667,92,p2,33,56,4.19,27.27,108.87,3.48,1.44,194.57,0.98,50.62,2.76
2025-08-04T05:37:23.522673,85,p2,34,49,3.89,38.82,128.72,1.65,1.67,181.25,0.33,82.53,2.37
2025-08-04T06:40:32.419424,82,p2,36,40,4.02,39.11,135.45,1.04,1.62,157.83,0.19,88.48,1.48
2025-08-04T07:31:02.455564,84,p2,38,34,3.48,37.47,138.22,0.84,1.45,142.78,0.15,87.15,1.04
2025-08-04T08:33:20.485337,84,p2,39,32,3.55,36.96,138.79,0.83,1.31,138.73,0.15,86.36,0.98
2025-08-04T09:33:56.320392,82,p2,40,31,3.76,37.14,139.22,1.04,1.26,142.34,0.18,86.09,1.13
2025-08-04T10:26:42.187462,83,p2,40,31,4.15,37.14,139.22,1.04,1.26,142.34,0.18,86.09,1.13
2025-08-04T11:20:39.078287,85,p2,39,32,4.07,37.17,136.61,1.54,1.31,153.07,0.24,84.64,1.48
2025-08-04T12:49:58.426500,86,p2,38,35,2.78,35.32,124.79,4.5,1.47,197.6,0.23,71.66,2.46
2025-08-04T13:43:08.849643,88,p2,37,36,3.03,34.67,117.33,7.34,1.58,246.82,0.04,59.28,3.45
2025-08-04T14:27:00.991785,86,p2,36,38,3.15,28.96,101.09,6.64,1.66,215.5,0.01,51.64,3.08
2025-08-04T15:26:47.961522,94,p2,35,41,1.75,28.05,93.27,8.13,1.72,250.29,0,45.82,3.84
2025-08-04T16:30:48.144091,96,p2,34,46,2.67,24.94,77.91,9.41,1.88,279.49,0,39.52,4.37
2025-08-04T17:25:49.023844,97,p2,34,47,2.53,24.94,77.91,9.41,1.88,279.49,0,39.52,4.37
2025-08-04T18:34:41.278128,102,p2,33,49,2.99,20.6,67.76,7.66,1.97,239.45,0,41.43,3.57
2025-08-04T19:21:17.478304,101,p2,33,51,3.02,20.6,67.76,7.66,1.97,239.45,0,41.43,3.57
2025-08-04T20:26:44.120761,92,p2,32,53,3.28,18.99,65.09,6.82,1.79,218.77,0,42.38,3.34
2025-08-04T21:22:37.345788,104,p2,31,55,3.25,17.97,64.7,5.94,1.59,199.58,0,43.4,3.2
2025-08-04T22:22:57.844809,110,p2,31,56,2.98,17.48,66.21,5.22,1.41,182.98,0,43.99,3.1
2025-08-04T23:22:27.633826,114,p2,31,55,2.72,17.59,69.32,4.77,1.29,171.42,0,43.99,3.03
2025-08-05T01:56:13.215042,116,p2,30,58,2.13,19.37,81.13,4.37,1.41,161.7,0.14,40.16,2.75
2025-08-05T03:49:17.627030,101,p2,32,48,1.81,22.3,92.58,3.14,1.92,169.78,0.85,47.73,2.34
2025-08-05T04:50:32.592421,86,p2,33,41,2.39,25.71,99.51,2.39,2.1,167.25,0.59,60.52,2.17
2025-08-05T05:30:44.367528,84,p2,35,37,2.04,30.71,106.89,1.72,2.12,165.47,0.36,74.43,1.99
2025-08-05T06:36:20.513832,84,p2,36,35,2.49,32.68,115.74,1.1,1.72,151.48,0.22,82.14,1.31
2025-08-05T07:27:47.086379,84,p2,38,34,2.89,32.68,115.74,1.1,1.72,151.48,0.22,82.14,1.31
2025-08-05T08:32:17.827121,82,p2,39,32,3.41,33.08,126.19,0.89,1.35,137.84,0.17,84.45,0.9
2025-08-05T09:29:00.978907,83,p2,39,34,4.14,33.08,126.19,0.89,1.35,137.84,0.17,84.45,0.9
2025-08-05T10:25:26.140052,87,p2,37,39,3.63,33.19,126.26,1.08,1.38,141.45,0.19,85.27,1.03
2025-08-05T11:20:45.077969,85,p2,37,39,4.6,32.84,122.03,1.57,1.52,151.4,0.24,84.5,1.35
2025-08-05T12:50:17.418570,81,p2,35,42,4.59,30.57,108.66,4.34,1.85,190.32,0.2,73.06,2.29
2025-08-05T13:42:56.720071,81,p2,33,54,4.76,29.91,101.73,6.87,1.9,233.34,0.03,61.56,3.26
2025-08-05T14:26:42.901290,85,p2,32,59,2.67,29.91,101.73,6.87,1.9,233.34,0.03,61.56,3.26
2025-08-05T15:27:06.360293,88,p2,29,70,6.22,27.38,80.58,13.27,2.31,368.78,0,39.99,6.22
2025-08-05T16:24:43.727311,89,p2,28,75,6.17,28.38,79.14,15.39,2.54,415.09,0,34.84,7.3
2025-08-05T17:21:17.670292,97,p2,28,81,6.74,28.77,77.13,15.92,2.41,436.02,0,31.58,6.44
2025-08-05T18:35:49.210883,96,p2,27,80,5.27,25.41,68.77,13.24,2.11,376.54,0,32.21,4.04
2025-08-05T19:22:49.480760,75,p2,28,79,5.26,25.41,68.77,13.24,2.11,376.54,0,32.21,4.04
2025-08-05T20:23:18.640585,72,p2,28,78,5.16,24.14,65.92,12.23,1.91,351.03,0.01,31.44,3.66
2025-08-05T21:21:51.794570,66,p2,28,76,5.31,23.28,64.73,11.35,1.79,329.72,0.01,31.05,3.54
2025-08-05T22:23:14.003257,54,p2,28,75,4.82,22.37,64.76,10.31,1.75,305.56,0.01,31.66,3.41
2025-08-05T23:22:22.022431,47,p2,27,78,4.11,21.06,64.97,9.03,1.71,274.56,0.01,33.37,3.28
2025-08-06T01:54:47.284119,50,p2,27,83,5.44,18.27,69.65,5.71,1.64,201.21,0.26,35.62,3.11
2025-08-06T03:46:04.775362,71,p2,29,74,4.48,19.32,79.51,3.62,1.88,192.49,1.15,43.16,2.78
2025-08-06T04:47:37.030505,88,p2,30,64,3.79,22.86,87.36,2.77,1.96,186.05,0.8,56.37,2.66
2025-08-06T05:31:46.323101,97,p2,32,57,3.16,29.46,97.53,1.96,1.97,181.78,0.44,72.89,2.55
2025-08-06T06:36:28.766062,100,p2,33,53,3.38,29.77,101.66,1.22,1.76,158.34,0.22,79.55,1.7
2025-08-06T07:27:01.655310,97,p2,36,40,3.23,29.77,101.66,1.22,1.76,158.34,0.22,79.55,1.7
2025-08-06T08:31:50.414787,92,p2,37,38,3.4,26.33,95.3,0.96,1.55,139.76,0.17,80.67,1.03
2025-08-06T09:29:47.884943,90,p2,37,36,3.57,26.33,95.3,0.96,1.55,139.76,0.17,80.67,1.03
2025-08-06T10:25:16.124417,92,p2,38,35,3.73,25.84,92.23,1.2,1.57,144.36,0.2,81.85,1.14
2025-08-06T11:20:36.776478,97,p2,38,35,3.93,25.78,89.6,1.77,1.62,156.37,0.25,81.17,1.47
2025-08-06T12:49:56.130718,92,p2,37,37,3.54,24.84,83.67,5.14,1.69,207.33,0.25,66.67,2.63
2025-08-06T13:43:38.619916,92,p2,35,53,3.66,25.55,82.33,8.56,1.75,270.12,0.04,52.35,4.02
2025-08-06T14:26:20.969254,90,p2,34,53,3.77,22.72,74.57,8.82,1.87,270.84,0.04,51.64,4.13
2025-08-06T15:26:16.010136,86,p2,33,49,3.7,23.89,74.38,11.13,1.89,332.52,0,42.44,5.28
2025-08-06T16:30:08.369209,92,p2,32,49,3.56,24.69,72.3,12.62,1.75,386.45,0,34.74,5.39
2025-08-06T17:23:53.288358,99,p2,32,50,3.28,24.69,72.3,12.62,1.75,386.45,0,34.74,5.39
2025-08-06T18:32:23.537769,126,p2,30,53,1.78,21.81,65.63,11.92,1.36,358.24,0,31.12,4.23
2025-08-06T19:20:34.414041,144,p2,31,55,2.09,21.81,65.63,11.92,1.36,358.24,0,31.12,4.23
2025-08-06T20:25:40.132535,122,p2,30,59,2.98,21.01,63.38,11.93,1.21,349.44,0,27.91,4.18
2025-08-06T21:20:01.186585,122,p2,29,63,3.12,20.77,63.09,11.74,1.14,342.49,0.01,25.83,4.29
2025-08-06T22:23:22.457072,127,p2,29,65,3,20.84,63.91,11.48,1.11,335.3,0.01,24.33,4.37
2025-08-06T23:22:52.603309,142,p2,29,66,2.42,21.27,65.48,11.46,1.1,334.05,0.03,22.73,4.38
2025-08-07T01:55:08.574837,132,p2,29,64,1.27,23.23,75.58,9.9,1.33,344.89,1.08,20.35,4.52
2025-08-07T03:45:56.240685,107,p2,31,74,2.15,23.73,91.33,5.22,1.76,273.3,2.12,38.59,3.82
2025-08-07T04:47:18.961114,105,p2,32,53,2.33,29.61,101.43,4.09,1.9,256.53,1.34,56.41,3.61
2025-08-07T05:29:57.773728,105,p2,33,50,1.97,29.61,101.43,4.09,1.9,256.53,1.34,56.41,3.61
2025-08-07T06:36:20.343773,129,p2,35,57,1.61,36.96,113.81,1.24,2.25,180.52,0.24,89.62,1.73
2025-08-07T07:26:52.832964,122,p2,35,62,1.34,36.96,113.81,1.24,2.25,180.52,0.24,89.62,1.73
2025-08-07T08:31:51.019176,113,p2,36,59,1.01,33.68,110.47,0.98,2.26,153.48,0.16,89.43,0.92
2025-08-07T09:28:48.898054,103,p2,37,56,0.65,33.68,110.47,0.98,2.26,153.48,0.16,89.43,0.92
2025-08-07T10:24:40.448194,99,p2,37,46,0.07,34.21,112.31,1.2,2.24,157.22,0.18,89.59,0.98
2025-08-07T11:20:58.468978,95,p2,37,53,0.89,34.8,113.19,1.67,2.21,166.53,0.22,88.31,1.22
2025-08-07T12:48:58.354624,97,p2,34,51,2.89,34.72,112.08,4.76,2.07,211.63,0.21,74.54,2.2
2025-08-07T13:41:52.372954,97,p2,33,43,3.92,36.01,105.64,8.65,2.12,285.51,0.03,57.01,3.91
2025-08-07T14:25:53.760664,104,p2,34,44,3.87,36.01,105.64,8.65,2.12,285.51,0.03,57.01,3.91
2025-08-07T15:26:09.635527,110,p2,34,46,3.92,37.52,106.61,11.13,2.24,348.3,0,46.75,5.21
2025-08-07T16:30:18.491090,127,p2,33,49,4.12,37.57,104.11,12.97,2.17,406.74,0,35.96,5.64
2025-08-07T17:23:29.892826,124,p2,32,52,3.88,37.57,104.11,12.97,2.17,406.74,0,35.96,5.64
2025-08-07T18:35:05.527511,119,p2,31,54,3.23,32.31,96.39,11.17,1.77,346.61,0,35.28,4.36
2025-08-07T19:21:29.779640,115,p2,31,52,3.01,32.31,96.39,11.17,1.77,346.61,0,35.28,4.36
2025-08-07T20:25:46.680570,112,p2,31,54,2.81,29.89,91.67,10.68,1.57,322.58,0,33.36,4.31
2025-08-07T21:20:29.714822,112,p2,31,53,2.48,27.64,88.47,9.91,1.44,296.86,0,32.63,4.35
2025-08-07T22:23:09.142521,122,p2,31,53,1.98,25.58,86.63,8.88,1.33,268.87,0,32.92,4.28
2025-08-07T23:22:34.746615,144,p2,29,61,1.17,24.38,85.15,8.32,1.21,251.72,0,32.48,4.3
2025-08-08T01:54:15.383544,144,p2,30,54,1.51,23.09,86.6,6.81,1.28,227.03,0.38,31.65,4.05
2025-08-08T03:45:19.545261,154,p2,31,66,0.66,24.66,96.71,4.25,1.96,218.37,1.42,44.96,3.22
2025-08-08T04:47:02.291562,127,p2,33,62,0.31,29.17,103.43,3.24,2.3,213.25,0.92,61.78,2.91
2025-08-08T05:29:59.894719,105,p2,34,48,0.53,29.17,103.43,3.24,2.3,213.25,0.92,61.78,2.91
2025-08-08T06:35:54.816806,94,p2,35,49,1.96,34.85,111.14,1.12,2.5,170.56,0.21,90.18,1.35
2025-08-08T07:26:57.373761,92,p2,34,49,1.95,34.85,111.14,1.12,2.5,170.56,0.21,90.18,1.35
2025-08-08T08:31:30.090710,90,p2,35,46,1.98,32.89,109.97,0.91,2.2,152.44,0.16,90.43,0.75
2025-08-08T09:28:42.914246,93,p2,36,44,1.94,32.89,109.97,0.91,2.2,152.44,0.16,90.43,0.75
2025-08-08T10:24:53.801354,92,p2,36,44,1.58,33.77,111.79,1.15,2.11,158.46,0.19,91.3,0.9
2025-08-08T11:20:02.484348,92,p2,37,45,1.32,34.77,112.97,1.67,2.07,170.31,0.23,90.49,1.24
2025-08-08T12:47:22.836428,89,p2,38,41,2.88,35.87,113.7,5.34,2.07,226.44,0.22,75.85,2.48
2025-08-08T13:40:01.513150,90,p2,36,51,2.92,37,112.85,8.92,2.07,292.19,0.03,60.52,3.76
2025-08-08T14:23:59.021816,96,p2,35,54,3.45,36.84,112.78,10.37,2.32,314.57,0.02,54.52,4.27
2025-08-08T15:24:23.908986,99,p2,34,46,3.36,38.49,112.78,13.21,2.36,388.54,0,43.62,5.57
2025-08-08T16:27:13.571274,102,p2,32,61,4.62,39.66,112.28,15.29,2.36,442.15,0,36.58,6.33
2025-08-08T17:17:56.390182,106,p2,32,55,5.56,40.71,112.53,16.51,2.33,478.46,0.01,32.56,6.66
2025-08-08T18:30:50.975626,107,p2,32,57,3.85,40.69,110.05,17.13,2.01,488.4,0,28.49,6.05
2025-08-08T19:17:43.054867,119,p2,31,54,3.81,40.69,110.05,17.13,2.01,488.4,0,28.49,6.05
2025-08-08T20:24:24.731902,117,p2,31,56,3.71,40.54,107.38,17.25,1.67,490.79,0.01,24.81,5.46
2025-08-08T21:20:12.851062,122,p2,30,58,4.05,40.38,106.05,17.1,1.42,489.56,0.02,21.81,4.95
2025-08-08T22:20:57.823314,122,p2,30,62,3.68,39.74,104.66,16.67,1.2,482.41,0.03,19.22,4.52
2025-08-08T23:20:52.823003,129,p2,30,62,3.39,39.2,103.3,16.27,1.02,476.12,0.06,16.89,4.38
2025-08-09T01:44:26.149599,117,p2,30,67,1.9,36.53,104.02,11.75,1.01,441.77,1.33,17.96,4.64
2025-08-09T03:21:11.854545,152,p2,31,70,1.61,35.13,107.3,8.26,1.2,422.13,3.24,23.67,4.67
2025-08-09T04:30:42.751870,127,p2,32,69,1.87,37.55,118.57,4.79,1.5,315.12,1.6,55.06,3.92
2025-08-09T05:21:05.805984,119,p2,33,55,2.08,37.55,118.57,4.79,1.5,315.12,1.6,55.06,3.92
2025-08-09T06:31:14.047572,116,p2,34,54,1.68,42.83,129.37,1.29,1.12,200.23,0.23,89.46,2.02
2025-08-09T07:19:48.642915,110,p2,35,61,1.59,42.83,129.37,1.29,1.12,200.23,0.23,89.46,2.02
2025-08-09T08:27:09.720724,110,p2,36,58,1.43,36.73,123.33,0.91,0.93,164.31,0.16,86.67,1.31
2025-08-09T09:21:30.820544,105,p2,36,56,1.87,35.44,122.13,0.9,0.9,156.48,0.15,86.14,1.2
2025-08-09T10:21:34.950580,98,p2,36,60,1.97,36.15,122.94,1.3,0.96,164.35,0.21,85.74,1.52
2025-08-09T11:17:57.287652,79,p2,37,45,2.7,37.96,123.83,2.12,1.09,185.04,0.3,84.64,2.2
2025-08-09T12:41:20.791981,86,p2,36,59,3.2,40.82,124.62,7.11,1.43,265.4,0.28,68.92,4.29
2025-08-09T13:30:31.198060,96,p2,32,73,4.5,40.82,124.62,7.11,1.43,265.4,0.28,68.92,4.29
2025-08-09T14:19:49.880834,113,p2,31,82,5.06,33.02,95.47,9.81,1.52,301.79,0.03,49.75,4.61
2025-08-09T15:21:10.845393,140,p2,31,79,4.46,34.97,95.98,12.73,1.71,371.32,0,39.64,6.23
2025-08-09T16:25:57.751538,152,p2,30,80,4.18,36.33,95.92,14.57,1.8,420.55,0,33.47,7.27
2025-08-09T17:18:32.777412,154,p2,30,69,3.92,37.41,96.11,15.2,1.71,453.55,0,28.41,6.83
2025-08-09T18:29:39.510211,152,p2,30,70,3.38,38.19,95.47,15.75,1.56,478.01,0.01,24,6.07
2025-08-09T19:16:35.713893,151,p2,29,76,3.57,38.42,93.53,16.38,1.34,492.95,0.03,20.26,5.28
2025-08-09T20:22:46.623595,132,p2,29,82,3.49,39.02,92.93,17.22,1.16,512.87,0.05,17.02,4.81
2025-08-09T21:19:44.550714,118,p2,28,68,3.16,39.67,93.47,17.74,1.05,527.4,0.07,14.77,4.43
2025-08-09T22:20:40.606275,111,p2,28,70,2.74,39.74,93.55,17.54,1.02,525.8,0.05,13.86,4.07
2025-08-09T23:20:53.039824,107,p2,28,70,3.1,39.87,93.19,17.07,1.03,522.16,0.05,13.1,3.84
2025-08-10T01:57:54.736000,110,p2,28,70,2.84,38.89,93.76,12.72,1.26,487.73,0.82,17.45,3.46
2025-08-10T03:47:01.241287,88,p2,28,80,4.13,36.93,101.66,7.13,1.76,391.25,2.04,36.38,2.95
2025-08-10T04:42:03.321466,90,p2,28,60,3.8,38.72,108.59,6.02,1.83,352.51,1.34,47.61,3.09
2025-08-10T05:25:01.248601,87,p2,28,57,3.18,38.72,108.59,6.02,1.83,352.51,1.34,47.61,3.09
2025-08-10T06:31:10.693951,88,p2,28,54,3.43,40.33,118.93,2.92,1.55,243.47,0.3,70.12,2.15
2025-08-10T07:19:49.348680,81,p2,33,42,3.22,40.33,118.93,2.92,1.55,243.47,0.3,70.12,2.15
2025-08-10T08:27:26.474494,77,p2,33,38,2.83,39.35,117.93,1.97,1.35,212.21,0.27,74.52,1.76
2025-08-10T09:21:44.707623,77,p2,35,35,2.44,40.91,119.17,1.44,1.19,197.27,0.21,80.35,1.59
2025-08-10T10:22:12.683399,77,p2,30,33,2.06,38.84,115.99,1.3,1.04,179.16,0.18,82.06,1.39
2025-08-10T11:17:44.983516,82,p2,29,33,2.03,37.21,111.86,1.71,1.04,178.68,0.21,80.09,1.6
2025-08-10T12:41:38.496545,84,p2,29,34,1.88,35.73,106.55,5.58,1.22,228.54,0.17,63.53,3.07
2025-08-10T13:30:52.849135,84,p2,29,43,2.62,35.73,106.55,5.58,1.22,228.54,0.17,63.53,3.07
2025-08-10T14:19:48.376555,88,p2,30,45,2.97,37.06,105.71,9.7,1.42,302.08,0.02,46.89,4.77
2025-08-10T15:21:18.518957,97,p2,30,46,2.8,38.3,111.2,13.3,1.77,377.34,0,32.84,6.66
2025-08-10T16:25:50.230451,113,p2,30,48,3.08,39.15,109.86,15.27,1.93,424.64,0.01,25.75,7.64
2025-08-10T17:17:57.321017,135,p2,29,56,3.43,39.52,108.96,15.92,1.9,448.77,0.02,22.51,7.6
2025-08-10T18:28:52.433329,140,p2,28,60,3.38,39.18,107.33,16.03,1.76,453.7,0.02,22.74,7.05
2025-08-10T19:16:58.972665,149,p2,28,61,3.06,37.08,103.94,14.8,1.53,415.02,0,26.9,5.82
2025-08-10T20:23:04.474647,155,p2,28,61,3.02,36.2,101.34,14.52,1.45,399.87,0,26.42,5.35
2025-08-10T21:19:52.001501,154,p2,30,61,3.03,35.99,100.18,14.45,1.43,394.2,0,24.57,5.17
2025-08-10T22:20:18.797349,152,p2,30,61,2.73,35.7,99.8,14.11,1.4,384.22,0,22.84,5.05
2025-08-10T23:20:25.520902,153,p2,30,60,2.73,35.49,100.4,13.73,1.37,373.14,0.01,21.35,4.96
2025-08-11T01:54:47.311989,139,p2,30,58,2.42,34.19,108.83,10.63,1.39,335.76,0.65,21.67,4.62
2025-08-11T03:45:00.267736,158,p2,30,59,2.32,31.68,116.88,6.16,1.67,278.32,1.51,37.52,3.8
2025-08-11T04:45:41.208152,143,p2,31,58,2.32,33.28,117.95,4.45,1.76,251.93,1.09,52.9,3.45
2025-08-11T05:29:11.264236,127,p2,32,53,2.53,33.28,117.95,4.45,1.76,251.93,1.09,52.9,3.45
2025-08-11T06:35:46.027967,107,p2,35,43,3.88,37.94,117.69,1.28,1.63,172.35,0.22,85.26,1.74
2025-08-11T07:26:31.635029,86,p2,38,30,3.41,37.94,117.69,1.28,1.63,172.35,0.22,85.26,1.74
2025-08-11T08:32:43.866655,79,p2,39,29,3.06,32.93,111.06,1.08,1.38,143.62,0.14,80.59,0.98
2025-08-11T09:28:19.591857,79,p2,40,29,3.01,32.93,111.06,1.08,1.38,143.62,0.14,80.59,0.98
2025-08-11T10:25:36.585287,81,p2,40,28,2.67,32.46,110.54,1.43,1.39,146.08,0.13,78.23,1.05
2025-08-11T11:20:13.741856,81,p2,39,33,1.59,32.12,109.47,2.11,1.46,154.2,0.12,74.61,1.31
2025-08-11T12:47:09.121493,81,p2,37,38,4.44,31.31,107.22,4.8,1.59,188.38,0.06,63.21,2.2
2025-08-11T13:39:02.023321,81,p2,35,42,5.26,31.64,105.49,6.99,1.69,229.3,0.01,53.99,3.19
2025-08-11T14:24:01.087238,84,p2,35,43,4.33,28.65,101.69,7.05,1.88,213.15,0.01,47.84,2.91
2025-08-11T15:24:56.558318,92,p2,34,43,3.7,29.03,100.29,8.49,2.12,243.1,0,42.25,3.68
2025-08-11T16:29:01.854877,101,p2,34,43,3.84,28.69,97.03,9.61,2.4,264.02,0,37.36,4.22
2025-08-11T17:21:33.856283,102,p2,34,42,4.38,28.23,94.59,10.36,2.74,275.54,0,34.12,4.47
2025-08-11T18:33:22.075956,97,p2,34,43,3.18,26.35,88.98,10.42,2.88,261.3,0,31.42,4.15
2025-08-11T19:19:12.326341,94,p2,32,47,3.42,26.35,88.98,10.42,2.88,261.3,0,31.42,4.15
2025-08-11T20:22:17.341401,96,p2,33,45,3.01,25.4,85.85,10.22,2.6,250.62,0,30.54,4.07
2025-08-11T21:19:32.750494,99,p2,32,47,2.69,24.49,83.81,9.56,2.26,237.24,0,30.71,3.99
2025-08-11T22:20:45.278009,105,p2,31,49,2.77,23.55,82.62,8.54,1.88,222.19,0,31.73,3.91
2025-08-11T23:20:17.423999,103,p2,31,51,2.94,23.09,82.22,7.71,1.58,211.26,0,32.59,3.92
2025-08-12T01:43:37.971705,97,p2,30,60,4.1,23.32,87.6,5.7,1.59,188.33,0.22,37.31,3.48
2025-08-12T03:18:33.793351,102,p2,29,71,5.13,24.13,91.63,4.72,1.86,192.37,0.88,41.38,3.27
2025-08-12T04:29:46.795130,96,p2,29,71,5.32,25.35,97.23,3.52,2.17,179.47,0.79,52.07,2.58
2025-08-12T05:21:02.056609,96,p2,31,64,5.37,28.48,102.35,2.55,2.43,175.63,0.56,65.23,2.28
2025-08-12T06:33:00.202574,99,p2,32,62,4.47,36.51,110.77,1.46,2.33,171.85,0.25,87.43,1.74
2025-08-12T07:21:39.139762,102,p2,30,73,4.04,36.51,110.77,1.46,2.33,171.85,0.25,87.43,1.74
2025-08-12T08:29:05.504969,109,p2,30,81,5,36.67,108.8,1.48,2.13,171.28,0.23,88.75,1.64
2025-08-12T09:24:54.890935,118,p2,29,81,4.44,36.09,106.56,1.67,2.14,172.77,0.23,88.25,1.65
2025-08-12T10:24:17.679246,120,p2,29,81,3.75,34.95,104.04,1.99,2.22,174.2,0.23,86.59,1.69
2025-08-12T11:19:10.189640,127,p2,30,80,3.84,33.06,100.43,2.46,2.35,174.4,0.22,83.33,1.74
2025-08-12T12:43:30.568009,122,p2,31,74,1.97,29.64,91.17,5.82,2.76,205.07,0.11,69.41,2.43
2025-08-12T13:35:31.725189,115,p2,30,81,2.09,40.2,100.39,14.67,2.78,396.37,0.03,47.52,8.19
2025-08-12T14:21:44.049605,119,p2,29,77,2.71,40.2,100.39,14.67,2.78,396.37,0.03,47.52,8.19
2025-08-12T15:23:59.119810,124,p2,28,77,2.95,43.07,102.2,18.04,3.05,480.05,0,37.81,10.59
2025-08-12T16:28:05.131783,115,p2,28,81,2.89,45.44,102.96,20.31,3.2,546.11,0.01,29.8,11.57
2025-08-12T17:20:18.054812,115,p2,28,77,3,47.29,103.14,21.48,3.06,596.43,0.03,23.31,10.25
2025-08-12T18:32:40.731405,115,p2,27,78,2.64,46.45,97.44,21.49,2.48,614.66,0.08,16.31,7.64
2025-08-12T19:17:47.883196,115,p2,28,74,2.64,46.45,97.44,21.49,2.48,614.66,0.08,16.31,7.64
2025-08-12T20:24:37.714057,112,p2,28,75,2.77,45.01,94.04,20.9,2.22,603.02,0.1,14.14,7.4
2025-08-12T21:20:34.336542,108,p2,27,75,2.74,44.28,92.27,20.44,1.98,602.52,0.17,11.99,7.1
2025-08-12T22:20:23.181143,115,p2,27,76,2.88,44.11,90.7,19.59,1.53,609.36,0.43,9.42,5.36
2025-08-12T23:20:54.143353,115,p2,27,76,2.75,44.64,89.95,18.51,1.26,624.74,1.19,7.44,4.55
2025-08-13T01:45:35.542473,121,p2,27,75,2.61,44.28,93.32,12.93,1.29,648.4,5.4,8.45,4.54
2025-08-13T03:21:02.602671,137,p2,30,80,3.36,42.8,96.79,9.7,1.51,646.92,7.99,13.19,4.72
2025-08-13T04:31:53.770507,134,p2,30,80,3.3,35.14,107.32,6.02,1.93,345.28,2.06,49.54,3.67
2025-08-13T05:22:25.450732,138,p2,31,67,3.5,35.14,107.32,6.02,1.93,345.28,2.06,49.54,3.67
2025-08-13T06:33:18.741919,129,p2,33,60,2.29,38.45,113.51,1.83,1.52,197.17,0.25,84.26,1.97
2025-08-13T07:22:30.724282,110,p2,34,64,2.71,38.45,113.51,1.83,1.52,197.17,0.25,84.26,1.97
2025-08-13T08:29:45.855902,99,p2,36,51,3.07,31.47,99.79,1.51,1.31,160.59,0.16,79.99,1.39
2025-08-13T09:25:02.380992,98,p2,37,54,3.57,29.63,94.93,1.63,1.39,154.22,0.15,78.69,1.31
2025-08-13T10:24:10.172572,94,p2,36,52,3.87,29,93.01,2.02,1.5,157.05,0.13,77.18,1.41
2025-08-13T11:19:23.886283,92,p2,36,51,3.99,28.47,91.25,2.71,1.6,164.52,0.13,73.59,1.65
2025-08-13T12:44:36.224161,90,p2,36,47,4.14,28.28,88.05,7.03,1.8,225.09,0.09,57.87,2.98
2025-08-13T13:36:20.923116,90,p2,34,53,3.85,29.94,87.65,11.71,1.98,313.59,0.01,42.73,4.7
2025-08-13T14:21:58.332515,94,p2,33,50,3.76,26.57,82,10.7,1.89,289.15,0,41.47,4.34
2025-08-13T15:20:20.318945,99,p2,32,56,3.86,28.14,82.26,13.49,2.04,356.58,0.01,33.45,5.57
2025-08-13T16:23:39.683582,107,p2,32,62,4.14,29.33,81.06,15.56,2.11,412.3,0.04,26.84,6.37
2025-08-13T17:17:31.704815,105,p2,31,65,4.31,30.42,79.98,17.06,2.18,456.66,0.08,22.05,6.71
2025-08-13T18:30:49.320248,122,p2,30,68,4.17,30.22,75.72,17.04,2.52,458.55,0.01,19.29,5.74
2025-08-13T19:17:42.822824,129,p2,30,68,3.85,30.22,75.72,17.04,2.52,458.55,0.01,19.29,5.74
2025-08-13T20:23:59.400913,133,p2,30,67,3.75,29.92,73.74,16.82,2.48,449.38,0.01,17.68,5.25
2025-08-13T21:20:13.248967,135,p2,30,66,3.25,29.47,73.06,16.28,2.5,431.75,0.01,17.03,4.82
2025-08-13T22:21:07.253211,129,p2,30,66,2.31,28.81,73.74,15.39,2.59,401.26,0.01,17.59,4.41
2025-08-13T23:20:38.125664,129,p2,30,67,2.56,28.39,75.45,14.69,2.64,373.23,0.01,17.93,4.19
2025-08-14T01:46:12.471403,151,p2,28,75,1.47,27.11,83.16,11.92,2.27,308.47,0.13,20.04,4.16
2025-08-14T03:21:24.379300,127,p2,28,76,2.08,26.96,85.29,11.43,2.22,318.25,0.68,20.5,4.45
2025-08-14T04:31:35.060548,104,p2,27,88,2.58,26.36,88.08,9.85,2.52,321.55,1.58,25.28,4.72
2025-08-14T05:22:26.725519,91,p2,26,87,3.21,26.36,88.08,9.85,2.52,321.55,1.58,25.28,4.72
2025-08-14T06:33:25.769001,90,p2,25,85,3.61,25.18,89.88,4.97,2.27,223.64,0.72,51.49,2.67
2025-08-14T07:22:13.117476,84,p2,27,92,4.19,25.18,89.88,4.97,2.27,223.64,0.72,51.49,2.67
2025-08-14T08:30:11.276118,79,p2,27,93,4.57,23.97,79.61,3.2,1.96,171.82,0.16,62.62,1.7
2025-08-14T09:25:35.522632,80,p2,26,93,3.69,23.97,79.61,3.2,1.96,171.82,0.16,62.62,1.7
2025-08-14T10:24:12.282767,89,p2,26,89,2.92,23.73,75.54,3.39,2.15,170.53,0.17,64.36,1.7
2025-08-14T11:19:18.270119,96,p2,26,89,3.69,23.41,71.03,4.29,2.39,180,0.17,62.79,1.94
2025-08-14T12:45:25.673261,112,p2,25,90,3.56,24.94,62.55,7.6,3.25,228.91,0.21,54.73,2.62
2025-08-14T13:36:53.798574,110,p2,26,89,1.89,29.29,60.8,10.32,3.78,279.36,0.02,48.77,3.07
2025-08-14T14:21:20.151920,117,p2,26,89,2.04,29.29,60.8,10.32,3.78,279.36,0.02,48.77,3.07
2025-08-14T15:23:35.648131,113,p2,26,85,2.21,27.91,46.37,11.55,3.87,307.64,0,42.17,2.6
2025-08-14T16:28:34.999467,114,p2,26,85,2.47,30.01,45.92,10.84,4.3,308.78,0,43.76,2.3
2025-08-14T17:19:22.500505,102,p2,25,88,2.65,33.11,46.54,11.29,4.41,333.72,0,41.63,2.35
2025-08-14T18:31:52.156829,84,p2,25,89,2.04,36.35,46.21,11.42,4.16,352.91,0,38.34,2.07
2025-08-14T19:18:05.375214,87,p2,25,89,1.51,36.35,46.21,11.42,4.16,352.91,0,38.34,2.07
2025-08-14T20:24:27.546760,91,p2,25,90,1.46,36.91,45.76,11.27,3.8,356.82,0,36.38,2.02
2025-08-14T21:20:12.261609,97,p2,25,91,1.67,37.17,45.43,11.05,3.41,361.76,0,34.35,2.05
2025-08-14T22:20:38.227437,102,p2,25,91,1.55,37.3,45.27,10.92,3,368.51,0,32.02,2.1
2025-08-14T23:20:27.561732,102,p2,25,91,1.22,37.76,45.62,11.03,2.57,381.74,0,29.04,2.19
2025-08-15T01:46:29.523863,107,p2,25,92,1.62,40.52,49.29,11.6,1.95,452.9,0.37,19.45,2.64
2025-08-15T03:22:54.135871,111,p2,26,85,1.19,41.67,51.48,10.25,2.13,480.57,1.84,21.73,2.83
2025-08-15T04:32:15.867845,112,p2,26,80,1.41,46.09,58.46,8.83,2.78,461.38,1.54,40,2.62
2025-08-15T05:22:28.693051,117,p2,26,80,1.36,46.09,58.46,8.83,2.78,461.38,1.54,40,2.62
2025-08-15T06:32:48.730426,114,p2,27,78,1.2,40.31,60.48,4.26,3.59,289.51,0.34,76.05,0.84
2025-08-15T07:20:59.779648,122,p2,28,76,1.03,40.31,60.48,4.26,3.59,289.51,0.34,76.05,0.84
2025-08-15T08:29:05.117126,123,p2,29,69,0.8,31.24,51.11,2.6,2.75,216.67,0.18,80.3,0.39
2025-08-15T09:23:14.128481,147,p2,30,69,1.1,28.65,47.1,2.22,2.35,201.48,0.15,82.26,0.43
2025-08-15T10:22:38.051625,124,p2,32,67,0.91,29.08,46.61,3.24,2.25,221.37,0.22,78.17,1.26
2025-08-15T11:18:29.633234,124,p2,32,66,1.19,31.08,48.05,5.51,2.28,268.56,0.34,70.07,2.63
2025-08-15T12:41:45.372904,112,p2,32,64,0.8,35.46,51.96,11.96,2.52,382.45,0.25,56.16,5.39
2025-08-15T13:31:55.528504,110,p2,30,69,1.36,38.53,55.22,14.44,2.49,442.97,0.02,46.25,6.02
2025-08-15T14:21:06.615100,110,p2,29,73,1.98,53.57,70.18,15.93,2.43,501.13,0.03,52.52,7.46
2025-08-15T15:22:15.131546,116,p2,28,75,2.03,57.06,74.07,18.4,2.42,585.23,0,38.67,7.91
2025-08-15T16:26:52.331484,124,p2,28,79,2,59.24,75.79,19.73,2.27,641.17,0.02,29.39,7.21
2025-08-15T17:19:12.733180,135,p2,28,81,1.87,60.92,76.5,19.85,2.12,675.49,0.02,25.39,6.41
2025-08-15T18:31:05.231912,149,p2,27,82,1.88,59.82,71.36,16.02,1.72,624.45,0,38.64,4.13
2025-08-15T19:17:08.085998,142,p2,27,83,2.05,59.82,71.36,16.02,1.72,624.45,0,38.64,4.13
2025-08-15T20:23:10.587362,154,p2,27,81,2.16,61.42,71.43,15.13,1.5,618.86,0,36.97,3.53
2025-08-15T21:18:25.111746,151,p2,27,81,2,64.83,73.69,14.51,1.36,629.09,0,33.85,3.08
2025-08-15T22:20:35.598195,150,p2,27,81,1.96,68.99,76.93,13.74,1.3,637.32,0,32.24,2.67
2025-08-15T23:20:31.437800,153,p2,27,81,1.93,73.27,80.55,13.12,1.26,649.89,0,30.95,2.39
2025-08-16T01:41:14.496248,157,p2,28,82,2.49,85.17,92.57,11.09,1.42,692.45,0.39,31.19,2.32
2025-08-16T03:15:53.834550,159,p2,30,71,2.9,90.2,99.15,9.15,1.72,707.47,1.54,40.36,2.54
2025-08-16T04:27:09.451036,153,p2,33,71,2.74,97.19,109.14,7.39,2.14,686.29,1.46,64.03,2.46
2025-08-16T05:20:23.269177,134,p2,35,69,2.6,110.24,124.49,5.68,2.32,669.88,0.96,90.71,2.55
2025-08-16T06:29:49.479623,119,p2,37,70,2.47,126.18,142.32,3.84,2.55,642.86,0.5,120.24,2.34
2025-08-16T07:19:12.666766,99,p2,38,60,1.27,96.78,112.49,1.96,3.7,449.56,0.2,142.34,0.18
2025-08-16T08:26:07.915263,92,p2,37,53,0.92,78.78,91.81,1.72,2.82,378.44,0.13,132.97,0.09
2025-08-16T09:21:03.960307,86,p2,38,51,0.94,74.54,85.74,2.07,2.4,376.96,0.1,125.54,0.37
2025-08-16T10:20:57.571341,85,p2,36,48,1.12,74,84.02,2.9,2.2,396.43,0.09,115.78,0.92
2025-08-16T11:16:41.329176,88,p2,35,53,2.3,75.75,85.23,4.2,2.11,429,0.12,105.43,1.83
2025-08-16T12:39:57.509754,86,p2,34,60,2.8,79.74,88.52,7.82,2.17,512.02,0.07,90.7,3.51
2025-08-16T13:28:10.812136,85,p2,33,60,2.95,79.74,88.52,7.82,2.17,512.02,0.07,90.7,3.51
2025-08-16T14:18:09.014429,92,p2,32,61,2.89,83,91.7,9.44,2.17,565.9,0,80.28,4.08
2025-08-16T15:20:31.907423,105,p2,31,62,2.72,68.83,74.41,10.02,2.14,591.58,0,78.07,4.32
2025-08-16T16:23:59.870373,151,p2,31,63,2.63,72.85,78.61,10.66,2.23,640.69,0,71.21,4.2
2025-08-16T17:17:11.109954,159,p2,30,66,3.05,76.15,81.95,10.92,2.37,688.39,0,66.51,3.98
2025-08-16T18:28:27.640552,159,p2,30,68,2.88,76.54,82.12,10.82,2.5,720.61,0,62.67,3.59
2025-08-16T19:16:13.162109,160,p2,29,72,3.04,71.48,76.58,9.86,2.68,719.88,0,61.11,3.05
2025-08-16T20:21:39.833864,160,p2,29,74,3.22,64.27,69.41,9.27,2.72,718.54,0,56.78,2.77
2025-08-16T21:18:56.931185,161,p2,28,75,3.12,56.01,61.74,8.88,2.62,713.37,0,51.18,2.59
2025-08-16T22:20:00.230323,164,p2,28,76,2.93,48.4,55.21,8.61,2.41,702.44,0,46.24,2.45
2025-08-16T23:19:03.573076,165,p2,28,77,2.71,43.4,51.59,8.57,2.09,695.13,0,42.02,2.33
2025-08-17T01:51:33.067791,169,p2,27,80,2.55,38.42,50.33,8.84,1.85,771.92,0.28,42.43,2.63
2025-08-17T03:27:14.527198,97,p2,29,82,3.63,40.85,54.03,6.88,1.86,689.41,1.02,42.45,2.47
2025-08-17T04:33:59.787596,65,p2,31,80,3.09,50.91,66.2,5.86,2.97,658.71,0.82,64.9,2.23
2025-08-17T05:20:50.719275,75,p2,32,73,2.85,50.91,66.2,5.86,2.97,658.71,0.82,64.9,2.23
2025-08-17T06:30:41.576601,92,p2,33,63,3.04,44.85,56.61,4.69,3.01,538.44,0.16,80.07,1.34
2025-08-17T07:19:29.645965,115,p2,35,57,3.67,44.85,56.61,4.69,3.01,538.44,0.16,80.07,1.34
2025-08-17T08:27:32.107114,111,p2,33,59,3.66,35.24,42.97,4.04,2.36,481.75,0.09,80.43,1.11
2025-08-17T09:20:40.319111,117,p2,34,59,2.6,31.17,36.41,4.23,2.1,474.88,0.04,77.6,1.11
2025-08-17T10:21:01.156639,122,p2,34,55,2.69,30.33,34.03,4.87,2.03,495.15,0.02,72.84,1.27
2025-08-17T11:17:35.736320,131,p2,33,57,2.82,32.05,34.82,5.91,2.05,525.33,0.02,66.38,1.54
2025-08-17T12:40:34.296304,143,p2,32,59,4.39,35.3,37.18,8.15,2.12,583.22,0.03,55.89,1.96
2025-08-17T13:29:27.274483,138,p2,31,63,3.98,35.3,37.18,8.15,2.12,583.22,0.03,55.89,1.96
2025-08-17T14:18:57.566172,125,p2,31,66,3.8,38.55,40.6,9.19,2.32,616.16,0,50.42,2.2
2025-08-17T15:20:16.064824,139,p2,30,71,4.31,23.64,27.21,9.69,2,573.83,0,57.01,4.12
2025-08-17T16:24:42.569703,139,p2,30,71,4.34,24.4,28.34,10.54,2.03,594.35,0,50.18,4.18
2025-08-17T17:18:18.662183,127,p2,29,71,4.18,24.56,28.68,10.85,2.16,604.45,0,46.23,4.1
2025-08-17T18:29:03.673811,115,p2,29,82,3.92,24.09,28.1,10.5,2.39,593.89,0,45.33,3.85
2025-08-17T19:16:37.549650,116,p2,28,81,3.75,23.12,26.73,9.2,2.79,554.49,0,48.1,3.39
2025-08-17T20:22:59.485567,119,p2,28,81,3.37,23.58,27.36,8.81,2.97,533.29,0,47.57,3.24
2025-08-17T21:19:22.859803,106,p2,27,83,3.57,24.58,29.02,8.41,3.05,514.66,0,48.11,3.17
2025-08-17T22:20:23.549654,90,p2,27,83,3.22,25.84,31.23,8,3.16,501.19,0,49.39,2.95
2025-08-17T23:20:12.609872,83,p2,27,87,3.29,27.54,33.77,8.05,3.07,503.41,0,48.23,2.67
2025-08-18T01:52:12.484482,69,p2,26,88,3.03,32.74,41.38,8.82,3.39,535.21,0.02,42.26,2.51
2025-08-18T03:40:28.545286,81,p2,25,78,3.82,35.31,45.21,9.22,4.12,543.81,0.23,45.14,2.28
2025-08-18T04:40:12.337046,88,p2,25,77,3.78,35.96,45.32,9.61,4.22,541.59,0.13,45.33,2.32
2025-08-18T05:25:16.344488,89,p2,26,70,4.52,35.96,45.32,9.61,4.22,541.59,0.13,45.33,2.32
2025-08-18T06:35:19.716055,96,p2,29,63,3.57,30.77,37.12,8.16,4,479.83,0.06,56.97,1.77
2025-08-18T07:24:23.072764,110,p2,31,64,3.25,30.77,37.12,8.16,4,479.83,0.06,56.97,1.77
2025-08-18T08:31:23.807503,112,p2,32,64,3.23,29.23,32.41,8.17,3.33,484.82,0.06,54.42,1.63
2025-08-18T09:27:41.910066,107,p2,33,63,3.55,29.23,32.41,8.17,3.33,484.82,0.06,54.42,1.63
2025-08-18T10:25:04.982456,97,p2,33,63,3.97,30.89,33.53,8.84,3.24,504.25,0.08,50.11,1.72
2025-08-18T11:19:33.795874,86,p2,32,63,3.87,32.93,35.38,9.81,3.27,528.97,0.07,45.08,1.87
2025-08-18T12:45:32.103868,86,p2,31,61,3.71,36.66,39.2,12.18,3.3,578.98,0.14,37.56,2.14
2025-08-18T13:36:58.455785,86,p2,31,63,3.64,39.1,42.37,13.91,3.35,617.35,0.01,32.77,2.46
2025-08-18T14:23:11.287339,82,p2,29,75,3.74,39.1,42.37,13.91,3.35,617.35,0.01,32.77,2.46
2025-08-18T15:24:08.893584,83,p2,29,76,3.44,24.64,27.31,12.03,2.84,560.08,0,41.67,2.13
2025-08-18T16:28:17.925740,84,p2,28,80,3.05,25.99,29.07,12.57,3.02,575.28,0.01,36.74,2.05
2025-08-18T17:21:04.081419,92,p2,28,79,2.62,28.1,31.65,13.1,3.23,593,0.02,31.88,2.03
2025-08-18T18:32:10.633835,84,p2,28,79,2.58,31.75,35.68,13.33,3.39,605.38,0.03,26.08,1.76
2025-08-18T19:18:28.267245,74,p2,28,80,2.73,31.75,35.68,13.33,3.39,605.38,0.03,26.08,1.76
2025-08-18T20:22:05.477828,69,p2,28,79,2.43,33,36.96,12.97,3.33,602.19,0.02,25.13,1.68
2025-08-18T21:18:59.445200,71,p2,27,79,2.54,34.28,38.27,12.42,3.23,599.23,0.02,25.25,1.64
2025-08-18T22:18:13.227058,75,p2,26,86,3.16,35.61,39.58,11.83,3.26,595.18,0.01,26.32,1.59
2025-08-18T23:19:47.967338,77,p2,25,87,2.32,37.28,41.28,11.22,3.25,590.86,0.01,27.93,1.55
2025-08-19T01:40:38.156957,79,p2,26,84,2.27,45.92,50.9,10.35,3.93,598.62,0.08,31.2,1.62
2025-08-19T03:11:29.910823,93,p2,27,80,1.08,50.72,56.49,10.43,4.46,612.02,0.35,34.7,1.72
2025-08-19T04:24:38.164131,82,p2,28,77,2.49,55.59,61.66,10.41,4.96,609.74,0.29,41.36,1.66
2025-08-19T05:20:47.259881,71,p2,29,72,2.65,58.92,64.8,10.19,4.92,601.8,0.27,46.21,1.56
2025-08-19T06:32:08.380097,71,p2,31,65,2.24,53.36,57.75,7.29,4.56,502.83,0.19,76.79,0.51
